content,date,like,place,tags
#В▓юВДђВЌ░ьЈГьЈг ВађвЁЂВЌљ Вќ┤вћћЖ░ѕЖ╣ї Ж│ав»╝ьЋўвІц Ж░ћвЇў Ж││вѓ«ВЌљ Ж░ђв│ИВаЂВЮђ ВъѕвіћвЇ░ в░цВЌљвіћ В▓ўВЮї ВЮ┤ВЌѕвЇў Ж││ВЋ╝Ж▓йВЮ┤ ВЮ┤в╗љ ВъАВЃЮЖ░ЂВЮђ ВъіЖ│а ВЁћьё░вДї вѕёвЦ╝ Вѕў ВъѕВЌѕвЇў Ж││­ЪЉЅьњђВЃи Віцьєавдг#вІѕВйўВю╝вАюВ░ЇвІц #вІѕВйўd850 #nikon_imaging_korea,2021-01-26,214,В▓юВДђВЌ░ьЈГьЈг,"['#В▓юВДђВЌ░ьЈГьЈг', '#вІѕВйўВю╝вАюВ░ЇвІц', '#вІѕВйўd850', '#nikon_imaging_korea']"
"ьћёвАю ВаюВБ╝ВЌгьќЅвЪг­ЪЈЮвЮ╝вЕ┤ ВЮ┤ ВаЋвЈѕ ВдљЖ▓еВЋ╝ВДђ­ЪўјвѓевЊцЖ│╝віћ вІцвЦИ ВДювд┐ьЋеВЮё ВёаВѓгьЋа┬а#вДцВџ┤вДЏВЌгьќЅ­ЪћЦВўцвіўвХђьё░ вѓ┤ ВаюВБ╝вЈё в▓ёьѓивдгВіцьіИвіћ ВЮ┤Ж▒░вІц,,­ЪЉі#ВаюВБ╝ВЮ┤ВЃЅВЌгьќЅ #ВаюВБ╝ВЌгьќЅВйћВіцВХћВ▓ю",2020-11-20,697,Jeju-do,"['#вДцВџ┤вДЏВЌгьќЅ­ЪћЦВўцвіўвХђьё░', '#ВаюВБ╝ВЮ┤ВЃЅВЌгьќЅ', '#ВаюВБ╝ВЌгьќЅВйћВіцВХћВ▓ю']"
#ВаюВБ╝#ВаюВБ╝ьі╣в│ёВІю#ВаюВБ╝вЈё#ВаюВБ╝вЈёЖ┤ђЖ┤Љ#ВЌгьќЅВіцьЃђЖиИвъе­Ъї│#Вџ░вЈё#в╣ёВќЉвЈё#Вџ░вЈёЖ┤ђЖ┤Љ#ьѕгВЃи#ьўюВЌ░ВЮ┤въЉ#вЉўВЮ┤Вёю­ЪЉФ#3в░Ћ4ВЮ╝#ВаюВБ╝ВЌгьќЅ#ВаюВБ╝вДѕВДђвДЅьћ╝вЊю2020вЁё 7ВЏћ 25ВЮ╝(ьєа)ВаюВБ╝вЈё вДѕВДђвДЅьћ╝вЊю!!ВѓгВДё ВаЋвДљ вДјВЮ┤ В░ЇВќ┤Вёю ВаЋвдгьЋўвіћвЇ░ ВІюЖ░ёВЮ┤ вДјВЮ┤ Ж▒Ивд╝­ЪўЂ в│хЖиђв╣ёьќЅЖИ░ ьЃЉВі╣ьЋўЖ│а ВХюв░юьЋўвацвІѕ ЖИ░В▓┤ВЮ┤ВЃЂВю╝вАю 2ВІюЖ░ё ВДђВЌ░вљўВёю вІцвЦИв╣ёьќЅЖИ░ Вў«Ж▓еьЃђЖ│а!!­Ъўѓ­Ъўѓ ВЋёВцївДѕВЋёВађВћевЊц Ві╣вг┤ВЏљьЋюьЁї ВЎёВаё вѓювдгВ╣ўЖхг~~ВДђВЌ░ВІюЖ░ёвЈЎВЋѕ Ж░ёВІЮвѓўвѕаВБ╝віћ Ві╣вг┤ВЏљ ВєљВЮ┤ вЇювЇювЇю­Ъўб в│┤ЖИ░ ВЋѕВЊ░вЪгВЏавЇў??­ЪўБ Ж╣ђьЋ┤Ж│хьЋГ вЈёВ░ЕьЋўЖ│а ВДђВЌ░в│┤ВЃЂЖИѕ Ж│ёВбїВаЂЖ│а Ж░ћвіћвЇ░ Вќ╝вДѕВБ╝вацвѓў вёцВЮ┤в▓ёВЌљ Ж▓ђВЃЅьЋ┤в│┤вІѕ Вџ┤Въё20ьћёвАю ВаЂьўђВъѕЖИИвъў Вџ░вд░ 13000ВЏљВДювдг ьЉювЮ╝ Ж▓░ВаюЖИѕВЋАВЌљВёю ВБ╝Ж▓аВДђ ьќѕвЇћвІѕ ВаЋЖ░ђВЌљВёю в│┤ВЃЂьЋ┤ВБ╝вѓўв┤ё­ЪцБ в╣ёьќЅЖИ░ьЉюЖ░њв│┤вІц вЈѕ вЇћ вДјВЮ┤ ВъЁЖИѕвљесЁІсЁІ вѓаВће Вўѕв│┤Ж░ђ ВІюВЏљВ░«ВЋё Вќ┤вћћЖ░ђВЋ╝ьЋаВДђ вфевЦ┤Ж▓авІцвДї вѓ┤ВЮ╝вХђьё░ вІцВІю 2в░Ћ3ВЮ╝ ВХювЈЎ!!Ж│аЖ│аЖ│а­Ъўј,2020-07-30,507,,"['#ВаюВБ╝', '#ВаюВБ╝ьі╣в│ёВІю', '#ВаюВБ╝вЈё', '#ВаюВБ╝вЈёЖ┤ђЖ┤Љ', '#ВЌгьќЅВіцьЃђЖиИвъе­Ъї│', '#Вџ░вЈё', '#в╣ёВќЉвЈё', '#Вџ░вЈёЖ┤ђЖ┤Љ', '#ьѕгВЃи', '#ьўюВЌ░ВЮ┤въЉ', '#вЉўВЮ┤Вёю­ЪЉФ', '#3в░Ћ4ВЮ╝', '#ВаюВБ╝ВЌгьќЅ', '#ВаюВБ╝вДѕВДђвДЅьћ╝вЊю2020вЁё']"
"#ВаюВБ╝#ВаюВБ╝ьі╣в│ёВІю#ВаюВБ╝вЈё#ВаюВБ╝вЈёЖ┤ђЖ┤Љ#в░▒ьїеьѓ╣#Вёгьїеьѓ╣#вЊ▒Вѓ░#Вѓ░ВіцьЃђЖиИвъе­Ъї│#ВаюВБ╝в░▒ьїеьѓ╣#в░▒ьїеьѓ╣Вё▒ВДђ#Вџ░вЈё#в╣ёВќЉвЈё#ьўюВЌ░ВЮ┤въЉ#вЉўВЮ┤Вёю­ЪЉФ#ВаюВБ╝ВЌгьќЅ#вЊ▒Вѓ░#ьіИваѕьѓ╣#mountain#koreamountain#hiking#hiker#amazingnature#naturetravel#outdoor#backpacking#backpacker#ВДђвѓю7ВЏћьўюВЌ░ВЮ┤Ж░ђ Вќ┤Ваюв░ц ьєхьЎћВцЉВЌљ ВДђвѓюВѓ░ьќЅвЊц ВѓгВДёВЮё в│┤віћ ВцЉВЮ┤вЮ╝Жхг ВЮ┤ВЂю ВѓгВДёВЮ┤ вДјВЮђвЇ░­ЪўЏ ВЎю ВЮИВіцьЃђьћ╝вЊю ВѓгВДёВЮё ВЋѕ Вўгвд░Ж▓ї ВЮ┤ваЄЖ▓ї вДјВДђ?ВЮ┤ВѓгВДё ВЮ┤ВЂўВДђ ВЋівЃљЖхг вг╝Вќ┤в│ИвІц~~­Ъцћ..""ЖиИЖ▒┤ ВѓгЖиђЖИ░ ВаёВЮ┤вЮ╝ ЖиИвІ╣ВІюВЌљ ьѕгВЃиВѓгВДё ьўюВЌ░ВЮ┤Ж░ђ вф╗ ВўгвдгЖ▓ї ьЋ┤Вёю ЖИђВ░евѓў­Ъўц""~~~~~~~~~~~~­ЪцГ­ЪцГ­ЪцГwith @k._.helen",2020-12-09,556,,"['#ВаюВБ╝', '#ВаюВБ╝ьі╣в│ёВІю', '#ВаюВБ╝вЈё', '#ВаюВБ╝вЈёЖ┤ђЖ┤Љ', '#в░▒ьїеьѓ╣', '#Вёгьїеьѓ╣', '#вЊ▒Вѓ░', '#Вѓ░ВіцьЃђЖиИвъе­Ъї│', '#ВаюВБ╝в░▒ьїеьѓ╣', '#в░▒ьїеьѓ╣Вё▒ВДђ', '#Вџ░вЈё', '#в╣ёВќЉвЈё', '#ьўюВЌ░ВЮ┤въЉ', '#вЉўВЮ┤Вёю­ЪЉФ', '#ВаюВБ╝ВЌгьќЅ', '#вЊ▒Вѓ░', '#ьіИваѕьѓ╣', '#mountain', '#koreamountain', '#hiking', '#hiker', '#amazingnature', '#naturetravel', '#outdoor', '#backpacking', '#backpacker', '#ВДђвѓю7ВЏћьўюВЌ░ВЮ┤Ж░ђ']"
#the3space #Ж░ђВА▒ВіцвЃЁ.Вџ░вдгЖ░ђВА▒ВЮў В░љ ьќЅв│х­ЪњЋ.HM/Dress @jina_n_jay .­ЪЊИ @the3space_snap Рќф№ИЈ В╣┤В╣┤ВўцВ▒ёвёљ : the3space.#ВаюВБ╝ВіцвЃЁ #ВаюВБ╝вЈёВіцвЃЁ #ВаюВБ╝вЈёЖ░ђВА▒ВіцвЃЁ #ВаюВБ╝ВіцвЃЁthe3space #вдгвДѕВЮИвЊюВЏевћЕ #ВаюВБ╝вЈёвдгвДѕВЮИвЊюВЏевћЕ #ВаюВБ╝вЈёЖ░ђВА▒ВѓгВДё #ВаюВБ╝вЈёЖ┤ђЖ┤Љ,2021-03-03,255,ВаюВБ╝вЈё,"['#the3space', '#Ж░ђВА▒ВіцвЃЁ.Вџ░вдгЖ░ђВА▒ВЮў', '#ВаюВБ╝ВіцвЃЁ', '#ВаюВБ╝вЈёВіцвЃЁ', '#ВаюВБ╝вЈёЖ░ђВА▒ВіцвЃЁ', '#ВаюВБ╝ВіцвЃЁthe3space', '#вдгвДѕВЮИвЊюВЏевћЕ', '#ВаюВБ╝вЈёвдгвДѕВЮИвЊюВЏевћЕ', '#ВаюВБ╝вЈёЖ░ђВА▒ВѓгВДё', '#ВаюВБ╝вЈёЖ┤ђЖ┤Љ']"
"РађВќ┤ВёюВўцВёИВџћ ВаюВБ╝вЈёВЌљ­Ъї┤РађВДђВЌГ ьі╣Вѓ░ьњѕ/вфЁВєївЦ╝ ВєїЖ░юьЋўвіћВЌгьќЅ Ж░ђВЮ┤вЊювХЂВЌљ ВаюЖ▓ЕВЮИ ┬ФвфеВќЉ вдгьћїваЏ┬╗В░ев│ёьЎћвљю ВюавІѕьЂгьЋю вћћВъљВЮИВю╝вАюьЎЋВІцьЋю ьЎЇв│┤ ьџеЖ│╝вЦ╝ вѕёвацв│┤ВёИВџћ!РађВЌгьќЅВДђ, ВІаВаюьњѕ, Ж░ђЖ▓їьЎЇв│┤, вЕћвЅ┤ьїљ вЊ▒вІцВќЉьЋю Ж││ВЌљ ьЎюВџЕьЋа Вѕў ВъѕВќ┤ВџћРЮц№Иј Рађ",2021-08-19,136,ВЋёВЮ┤ВЋцьћ╝,[]
#ВаюВБ╝#ВаюВБ╝ьі╣в│ёВІю#ВаюВБ╝вЈё#ВаюВБ╝вЈёЖ┤ђЖ┤Љ#Вё▒Вѓ░ВЮЇ#в░▒ьїеьѓ╣#Вёгьїеьѓ╣#вЊ▒Вѓ░#Вѓ░ВіцьЃђЖиИвъе­Ъї│#ВаюВБ╝в░▒ьїеьѓ╣#в░▒ьїеьѓ╣Вё▒ВДђ#Вџ░вЈё#в╣ёВќЉвЈё#в╣Џвѓ┤вд╝#ьўюВЌ░ВЮ┤въЉ#вЉўВЮ┤Вёю­ЪЉФ#3в░Ћ4ВЮ╝#ВаюВБ╝ВЌгьќЅ2020вЁё 7ВЏћ 24ВЮ╝(ЖИѕ)Вўцвіў ьњЇвъЉВБ╝ВЮўв│┤ВЌљ ВъАьўђВёю Вџ░вЈё вф╗в╣аВаИвѓўЖ░љ­ЪцБ­ЪцБ­ЪцБ­ЪцБЖ░ЋВаю в╣ёВќЉвЈё 2в░ЋВДИсЁІсЁІвѓ┤ВЮ╝ ВЋёВ╣е В▓Фв░░вАю вѓўЖ░ђвЈё вХђВѓ░в│хЖиђ в╣ёьќЅЖИ░ ВІюЖ░ё вф╗ вДъВХўвІцвіћ­Ъўѓ­Ъўѓвѓ┤ВЮ╝ ВќИВаю в╣аВаИвѓўЖ░ѕВѕў ВъѕВЮёВДђ ЖИ░ВЋйВЮ┤ ВЌєВќ┤сЁа ваїьіИВ╣┤ ВХћЖ░ђВџћЖИѕ вѓ┤Ж│а ВЌ░ВъЦВІаВ▓ГьЋўЖ│а в╣ёьќЅЖИ░ ВюёВЋйЖИѕ вг╝Ж│а ВиеВєїьЋўЖ│асЁасЁаВаюЖИ░въё­ЪўЁВўцвіў ВЋёВ╣е в╣Џвѓ┤вд╝ ВѓгВДёвЊц­Ъўј,2020-07-24,565,,"['#ВаюВБ╝', '#ВаюВБ╝ьі╣в│ёВІю', '#ВаюВБ╝вЈё', '#ВаюВБ╝вЈёЖ┤ђЖ┤Љ', '#Вё▒Вѓ░ВЮЇ', '#в░▒ьїеьѓ╣', '#Вёгьїеьѓ╣', '#вЊ▒Вѓ░', '#Вѓ░ВіцьЃђЖиИвъе­Ъї│', '#ВаюВБ╝в░▒ьїеьѓ╣', '#в░▒ьїеьѓ╣Вё▒ВДђ', '#Вџ░вЈё', '#в╣ёВќЉвЈё', '#в╣Џвѓ┤вд╝', '#ьўюВЌ░ВЮ┤въЉ', '#вЉўВЮ┤Вёю­ЪЉФ', '#3в░Ћ4ВЮ╝', '#ВаюВБ╝ВЌгьќЅ2020вЁё']"
ьќЅв│хВЮђ вЕђВДђ ВЋіВЮђ Ж││ВЌљ ВъѕвІцвЕ░вѓеВќЉВБ╝-ВаюВБ╝ 700km,2021-05-19,293,ВѓгЖ│ёв░ћвІц,[]
.ВаёВЪЂЖ│╝ ьЈЅьЎћ. ....#ВаюВБ╝вЈё #jeju #ВаюВБ╝вЈёВЌгьќЅ #ВаюВБ╝вЈёьЋювІгВѓ┤ЖИ░ #ВаюВБ╝ьЋювІгВѓ┤ЖИ░ #ьЋювІгВѓ┤ЖИ░ #ВаюВБ╝ВЌгьќЅ #ВаюВБ╝вЈёЖ┤ђЖ┤Љ #ВаюВБ╝вЈёЖ┤ђЖ┤ЉВДђ #ВаюВБ╝вЈёЖ┤ђЖ┤ЉВДђВХћВ▓ю #ВаюВБ╝вЈёВЌгьќЅВДђ #ВаюВБ╝вЈёВЌгьќЅВДђВХћВ▓ю #ВаюВБ╝Ж░ђв│╝вДїьЋюЖ││ #ВаюВБ╝вЈёЖ░ђв│╝вДїьЋюЖ││ #Ж╣ђвЁЋв»ИвАюЖ│хВЏљ #в»ИвАюЖ│хВЏљ #Ж│хВЏљ #ВаюВБ╝в»ИвАюЖ│хВЏљ #ВаюВБ╝вЈёв»ИвАюЖ│хВЏљ #Ж│аВќЉВЮ┤ #ВаюВБ╝Ж╣ђвЁЋв»ИвАюЖ│хВЏљ #ВЮИВЃЮВЃи #ВЮИВЃЮВѓгВДё #ьћёВѓг #ьћёвАюьЋёВѓгВДё #ВаюВБ╝вЈёЖ╣ђвЁЋв»ИвАюЖ│хВЏљ #в»ИвАю #ВаюВБ╝вЈёВбІвІц #Ж░ювЃЦВЮ┤ #вЃЦВЮ┤,2021-06-25,216,Ж╣ђвЁЋв»ИвАюЖ│хВЏљ Jeju Kimnyoung Maze Park,"['#ВаюВБ╝вЈё', '#jeju', '#ВаюВБ╝вЈёВЌгьќЅ', '#ВаюВБ╝вЈёьЋювІгВѓ┤ЖИ░', '#ВаюВБ╝ьЋювІгВѓ┤ЖИ░', '#ьЋювІгВѓ┤ЖИ░', '#ВаюВБ╝ВЌгьќЅ', '#ВаюВБ╝вЈёЖ┤ђЖ┤Љ', '#ВаюВБ╝вЈёЖ┤ђЖ┤ЉВДђ', '#ВаюВБ╝вЈёЖ┤ђЖ┤ЉВДђВХћВ▓ю', '#ВаюВБ╝вЈёВЌгьќЅВДђ', '#ВаюВБ╝вЈёВЌгьќЅВДђВХћВ▓ю', '#ВаюВБ╝Ж░ђв│╝вДїьЋюЖ││', '#ВаюВБ╝вЈёЖ░ђв│╝вДїьЋюЖ││', '#Ж╣ђвЁЋв»ИвАюЖ│хВЏљ', '#в»ИвАюЖ│хВЏљ', '#Ж│хВЏљ', '#ВаюВБ╝в»ИвАюЖ│хВЏљ', '#ВаюВБ╝вЈёв»ИвАюЖ│хВЏљ', '#Ж│аВќЉВЮ┤', '#ВаюВБ╝Ж╣ђвЁЋв»ИвАюЖ│хВЏљ', '#ВЮИВЃЮВЃи', '#ВЮИВЃЮВѓгВДё', '#ьћёВѓг', '#ьћёвАюьЋёВѓгВДё', '#ВаюВБ╝вЈёЖ╣ђвЁЋв»ИвАюЖ│хВЏљ', '#в»ИвАю', '#ВаюВБ╝вЈёВбІвІц', '#Ж░ювЃЦВЮ┤', '#вЃЦВЮ┤']"
#ВѓгВДёьЋюВъћВЮўВЌгВюавЈЎьЎћВєЇВЮё Вѓ░В▒ЁьЋ┤в│╝Ж╣ївЈЎьЎћВєЇ Ж░ЎВЮђ вДѕВЮёВЮё Вѓ░В▒ЁьЋюьЋўвБеРађРађ,2021-08-19,,ьЋювЈЎвдг Ж│ёвБАвЈЎ ВаЋВъљ,['#ВѓгВДёьЋюВъћВЮўВЌгВюавЈЎьЎћВєЇВЮё']
"ВаюВБ╝вЈё ВєАВЋЁВѓ░ вЉўваѕЖИИ­Ъї┐...Ж▓йВ╣ў ВДёВДю ВД▒ ВўѕВЂю Ж││­ЪўЇВѓ░В▒ЁьЋўвЊ»ВЮ┤ Ж▒ИВќ┤вІцвІѕвЕ┤ВёюВъљВЌ░ Ж▓йЖ┤ђ вДўЖ╗Ј в│┤Ж│а~Вађ вЕђвдг Ж░ђьїївЈё, вДѕвЮ╝вЈёвЈё в│┤ВЮ┤Ж│а~Ж░ЋВХћ­Ъўў..#ВўцвіўВЋёвІўВБ╝ВЮў #ВаюВБ╝вЈёВЌгьќЅ #ВаюВБ╝вЈёЖ┤ђЖ┤Љ #ВєАВЋЁВѓ░вЉўваѕЖИИ #ВаюВБ╝Вѓ░В▒ЁВйћВіц #ВаюВБ╝вЉўваѕЖИИ #ВЌгьќЅВіцьЃђЖиИвъе #вХђвХђВіцьЃђЖиИвъе­ЪњЉ",2021-08-19,19,ВєАВЋЁВѓ░ вЉўваѕЖИИ,"['#ВўцвіўВЋёвІўВБ╝ВЮў', '#ВаюВБ╝вЈёВЌгьќЅ', '#ВаюВБ╝вЈёЖ┤ђЖ┤Љ', '#ВєАВЋЁВѓ░вЉўваѕЖИИ', '#ВаюВБ╝Вѓ░В▒ЁВйћВіц', '#ВаюВБ╝вЉўваѕЖИИ', '#ВЌгьќЅВіцьЃђЖиИвъе', '#вХђвХђВіцьЃђЖиИвъе­ЪњЉ']"
ВаюВБ╝ ВЮИВЃЮв░ЦВДЉРађРађРађРађРађРађРађРађРађРађРађРађРађРађРађРађРађ­ЪЋџ OPEN - 11:00РађРађРађРађРађРађРађРађРађРађРађРађ­ЪЋЋ CLOSED - 17:00РађРађРађРађРађРађРађРађРађРађРађРађРађРађРађРађРађвИїваѕВЮ┤ьЂгьЃђВъё ВЌєВќ┤Вџћ.ВўѕВЋйВЮђ в░ЏВДђ ВЋіЖ│а ВўцВІювіћ ВѕюВёювїђвАю ВІЮВѓгЖ░ђвіЦ ьЋўВёИВџћ.ВІ▒ВІ▒ьЋю ьЋ┤вг╝Ж│╝ ВІаВёаьЋю ВЋ╝В▒ёвАю ЖиИвѓа Вцђв╣ёьЋю ВъгвБїЖ░ђ ВєїВДёвљўвЕ┤ ВА░ЖИ░вДѕЖ░љ ьЋЕвІѕвІц. РађРађРађРађРађРађРађРађРађРађРађРађРађРађРађРађРађРађРађРађРађРађРађРађРађРађРађРађРађРађРађРађРађРађ­ЪЦБВаёв│хьЋ┤вг╝в│ХВЮїв░Ц / Ваёв│хвг╝ьџї / Ваёв│хвћ▒ВЃѕВџ░ВъЦ ВаЋВІЮРађРађРађРађРађРађРађРађРађРађРађРађРађРађРађРађРађВѓгвіћЖ▓ївІѕвѓўвЁИ ~ РЎгВЮИВЃЮв░ЦВДЉ010-6501-5073ВБ╝Вєївіћ ВаюВБ╝ВІю ьЋювд╝ВЮЇ вгИЖхљЖИИ6 ..РађРађРађРађРађРађРађРађРађРађРађРађРађРађРађРађРађ­ЪЁ┐№ИЈ вг┤вБї Ж│хВўЂ ВБ╝В░еВъЦ ВюёВ╣ў!! .РађРађРађРађРађРађРађРађРађРађРађРађРађРађРађРађРађ­ЪџЌ ВаюВБ╝ВІю ьЋювд╝ВЮЇ ьЋювд╝вдг 1197-4­Ъџў ВаюВБ╝ВІю ьЋювд╝ВЮЇ ьЋювд╝вдг 1198-3­ЪџЎ ВаюВБ╝ВІю ьЋювд╝ВЮЇ ьЋювд╝вдг 943-9.Ж▒ИВќ┤Вёю 2вХёВЮ┤вѓ┤ Ж▒░вдгВЌљВџћ~РЎАРЎА#ВаюВБ╝ЖИѕвіЦьЋ┤ВѕўВџЋВъЦ #ВаюВБ╝вЈё #ВаюВБ╝вЈёЖ┤ђЖ┤Љ #ВаюВБ╝ВёюЖиђьЈгЖ░ђв│╝вДїьЋюЖ││ #ВаюВБ╝вЈёЖ░ђв│╝вДїьЋюЖ││ #ВаюВБ╝вѓаВће #ВаюВБ╝вЈёвѓаВће #ВаюВБ╝вЈёьјюВЁў #ВаюВБ╝Ж│хьЋГ #ВаюВБ╝в╣ёьќЅЖИ░ #ВаюВБ╝вЈёв╣ёьќЅЖИ░ #ВаюВБ╝вДЏВДЉ #ВаюВБ╝вЈёвДЏВДЉ #ВаюВБ╝ВЋаВЏћвДЏВДЉ #Ж░ЋвдЅ #ВаюВБ╝ьўЉВъгвДЏВДЉ #ВаюВБ╝ьЋювд╝вДЏВДЉ #ВаюВБ╝вЈёВЋаВЏћвДЏВДЉ #ВаюВБ╝вЈёВё▒Вѓ░вДЏВДЉ #ВаюВБ╝вЈёьўЉВъгвДЏВДЉ #ВаюВБ╝вЈёьЋювд╝вДЏВДЉ #ВЃѕв│ёВўцвдё #ЖИѕВўцвдё #в╣ёьќЅЖИ░ВЃи #ВБ╝в│ђвДЏВДЉ #вѓ┤ВБ╝в│ђвДЏВДЉ #ВўцВёцвАЮ #вЈёвЉљв┤Ѕ #ВаюВБ╝вЈёьЋ┤ВѕўВџЋВъЦ #Вё▒Вѓ░вДЏВДЉ,2021-08-19,0,,"['#ВаюВБ╝ЖИѕвіЦьЋ┤ВѕўВџЋВъЦ', '#ВаюВБ╝вЈё', '#ВаюВБ╝вЈёЖ┤ђЖ┤Љ', '#ВаюВБ╝ВёюЖиђьЈгЖ░ђв│╝вДїьЋюЖ││', '#ВаюВБ╝вЈёЖ░ђв│╝вДїьЋюЖ││', '#ВаюВБ╝вѓаВће', '#ВаюВБ╝вЈёвѓаВће', '#ВаюВБ╝вЈёьјюВЁў', '#ВаюВБ╝Ж│хьЋГ', '#ВаюВБ╝в╣ёьќЅЖИ░', '#ВаюВБ╝вЈёв╣ёьќЅЖИ░', '#ВаюВБ╝вДЏВДЉ', '#ВаюВБ╝вЈёвДЏВДЉ', '#ВаюВБ╝ВЋаВЏћвДЏВДЉ', '#Ж░ЋвдЅ', '#ВаюВБ╝ьўЉВъгвДЏВДЉ', '#ВаюВБ╝ьЋювд╝вДЏВДЉ', '#ВаюВБ╝вЈёВЋаВЏћвДЏВДЉ', '#ВаюВБ╝вЈёВё▒Вѓ░вДЏВДЉ', '#ВаюВБ╝вЈёьўЉВъгвДЏВДЉ', '#ВаюВБ╝вЈёьЋювд╝вДЏВДЉ', '#ВЃѕв│ёВўцвдё', '#ЖИѕВўцвдё', '#в╣ёьќЅЖИ░ВЃи', '#ВБ╝в│ђвДЏВДЉ', '#вѓ┤ВБ╝в│ђвДЏВДЉ', '#ВўцВёцвАЮ', '#вЈёвЉљв┤Ѕ', '#ВаюВБ╝вЈёьЋ┤ВѕўВџЋВъЦ', '#Вё▒Вѓ░вДЏВДЉ']"
ВаюВБ╝ ВЮИВЃЮв░ЦВДЉРађРађРађРађРађРађРађРађРађРађРађРађРађРађРађРађРађ­ЪЋџ OPEN - 11:00РађРађРађРађРађРађРађРађРађРађРађРађ­ЪЋЋ CLOSED - 17:00РађРађРађРађРађРађРађРађРађРађРађРађРађРађРађРађРађвИїваѕВЮ┤ьЂгьЃђВъё ВЌєВќ┤Вџћ.ВўѕВЋйВЮђ в░ЏВДђ ВЋіЖ│а ВўцВІювіћ ВѕюВёювїђвАю ВІЮВѓгЖ░ђвіЦ ьЋўВёИВџћ.ВІ▒ВІ▒ьЋю ьЋ┤вг╝Ж│╝ ВІаВёаьЋю ВЋ╝В▒ёвАю ЖиИвѓа Вцђв╣ёьЋю ВъгвБїЖ░ђ ВєїВДёвљўвЕ┤ ВА░ЖИ░вДѕЖ░љ ьЋЕвІѕвІц. РађРађРађРађРађРађРађРађРађРађРађРађРађРађРађРађРађРађРађРађРађРађРађРађРађРађРађРађРађРађРађРађРађРађ­ЪЦБВаёв│хьЋ┤вг╝в│ХВЮїв░Ц / Ваёв│хвг╝ьџї / Ваёв│хвћ▒ВЃѕВџ░ВъЦ ВаЋВІЮРађРађРађРађРађРађРађРађРађРађРађРађРађРађРађРађРађВѓгвіћЖ▓ївІѕвѓўвЁИ ~ РЎгВЮИВЃЮв░ЦВДЉ010-6501-5073ВБ╝Вєївіћ ВаюВБ╝ВІю ьЋювд╝ВЮЇ вгИЖхљЖИИ6 ..РађРађРађРађРађРађРађРађРађРађРађРађРађРађРађРађРађ­ЪЁ┐№ИЈ вг┤вБї Ж│хВўЂ ВБ╝В░еВъЦ ВюёВ╣ў!! .РађРађРађРађРађРађРађРађРађРађРађРађРађРађРађРађРађ­ЪџЌ ВаюВБ╝ВІю ьЋювд╝ВЮЇ ьЋювд╝вдг 1197-4­Ъџў ВаюВБ╝ВІю ьЋювд╝ВЮЇ ьЋювд╝вдг 1198-3­ЪџЎ ВаюВБ╝ВІю ьЋювд╝ВЮЇ ьЋювд╝вдг 943-9.Ж▒ИВќ┤Вёю 2вХёВЮ┤вѓ┤ Ж▒░вдгВЌљВџћ~РЎАРЎА#ВаюВБ╝ #ВаюВБ╝вЈё #ВаюВБ╝вЈёЖ┤ђЖ┤Љ #ВаюВБ╝ВёюЖиђьЈгЖ░ђв│╝вДїьЋюЖ││ #ВаюВБ╝вЈёЖ░ђв│╝вДїьЋюЖ││ #ВаюВБ╝вѓаВће #ВаюВБ╝вЈёвѓаВће #ВаюВБ╝вЈёьјюВЁў #ВаюВБ╝Ж│хьЋГ #ВаюВБ╝в╣ёьќЅЖИ░ #ВаюВБ╝вЈёв╣ёьќЅЖИ░ #ВаюВБ╝вДЏВДЉ #ВаюВБ╝вЈёвДЏВДЉ #ВаюВБ╝ВЋаВЏћвДЏВДЉ #В▓ГВБ╝ #ВаюВБ╝ьўЉВъгвДЏВДЉ #ВаюВБ╝ьЋювд╝вДЏВДЉ #ВаюВБ╝вЈёВЋаВЏћвДЏВДЉ #ВаюВБ╝вЈёВё▒Вѓ░вДЏВДЉ #ВаюВБ╝вЈёьўЉВъгвДЏВДЉ #ВаюВБ╝вЈёьЋювд╝вДЏВДЉ #ВЃѕв│ёВўцвдё #ЖИѕВўцвдё #в╣ёьќЅЖИ░ВЃи #ВБ╝в│ђвДЏВДЉ #вѓ┤ВБ╝в│ђвДЏВДЉ #ВўцВёцвАЮ #вЈёвЉљв┤Ѕ #ьЋевЇЋвДЏВДЉ #Вё▒Вѓ░вДЏВДЉ,2021-08-19,3,,"['#ВаюВБ╝', '#ВаюВБ╝вЈё', '#ВаюВБ╝вЈёЖ┤ђЖ┤Љ', '#ВаюВБ╝ВёюЖиђьЈгЖ░ђв│╝вДїьЋюЖ││', '#ВаюВБ╝вЈёЖ░ђв│╝вДїьЋюЖ││', '#ВаюВБ╝вѓаВће', '#ВаюВБ╝вЈёвѓаВће', '#ВаюВБ╝вЈёьјюВЁў', '#ВаюВБ╝Ж│хьЋГ', '#ВаюВБ╝в╣ёьќЅЖИ░', '#ВаюВБ╝вЈёв╣ёьќЅЖИ░', '#ВаюВБ╝вДЏВДЉ', '#ВаюВБ╝вЈёвДЏВДЉ', '#ВаюВБ╝ВЋаВЏћвДЏВДЉ', '#В▓ГВБ╝', '#ВаюВБ╝ьўЉВъгвДЏВДЉ', '#ВаюВБ╝ьЋювд╝вДЏВДЉ', '#ВаюВБ╝вЈёВЋаВЏћвДЏВДЉ', '#ВаюВБ╝вЈёВё▒Вѓ░вДЏВДЉ', '#ВаюВБ╝вЈёьўЉВъгвДЏВДЉ', '#ВаюВБ╝вЈёьЋювд╝вДЏВДЉ', '#ВЃѕв│ёВўцвдё', '#ЖИѕВўцвдё', '#в╣ёьќЅЖИ░ВЃи', '#ВБ╝в│ђвДЏВДЉ', '#вѓ┤ВБ╝в│ђвДЏВДЉ', '#ВўцВёцвАЮ', '#вЈёвЉљв┤Ѕ', '#ьЋевЇЋвДЏВДЉ', '#Вё▒Вѓ░вДЏВДЉ']"
"вІцВЮ┤в╣ЎВцЉ ВѕавДѕВІювЕ┤ ьў╝вѓўВџћ~~~ ВўцвъювДїВЌљ ВЌ░ВХюВЃи сЁјсЁјсЁј вІ╣ВІавЈё ьЋаВѕў ВъѕВіхвІѕвІц!!! ­ЪїЈВѓгвъїЖ│╝ Вџ░вдгЖ░ђ Вѓгвіћ ВДђЖхгвіћ Ваѕв░ўВЮ┤ВЃЂВЮ┤ вг╝вАю ВЮ┤вБеВќ┤ВаИВъѕВіхвІѕвІц.­ЪїЈ­ЪЎЁ­ЪЈ╗РђЇРЎѓ№ИЈВѓгвъїВЮў вфИВєЇВЮђ ьЃљьЌўьЋаВѕў ВЌєВДђвДї­ЪўЦ­ЪЉїВДђЖхгВЮў вг╝ВєЇВЮђ ВќИВаювЊаВДђ ьЃљьЌўьЋаВѕў ВъѕВіхвІѕвІц­Ъўю­ЪўЃHoliday віћ вІцвЦИВё╝ьё░ВЎђ В░ев│ёьЎћвљю ЖхгВё▒Вю╝вАю вфевЊа ВйћВіцвЦ╝ ВДёьќЅьЋЕвІѕвІц.­ЪўЇВаюВБ╝вЈёВЌљВёю ВЋѕВаёВЮё ВхюВџ░ВёаВю╝вАю ВЃЮЖ░ЂьЋўвіћ вІцВЮ┤в╣ЎВё╝ьё░ВъЁвІѕвІц.­ЪўјВхюЖ│аВЮў Ж░ЋВѓгВДёВю╝вАю вІцВЮ┤в▓ёВЌљЖ▓ї ьјИВЋѕьЋеВЮё ВаюЖ│хьЋЕвІѕвІц.­Ъј▓ВдљЖИИЖ▒░вдг­Ъј▓­ЪњјВ▓┤ьЌўвІцВЮ┤в╣Ў : 59,000ВЏљвХђьё░­ЪЏХ ьјђвІцВЮ┤в╣Ў : 120,000ВЏљвХђьё░­ЪјЊв░░ВџИЖ▒░вдг(­ЪјЊ­ЪџЉ PADI EFR : 150,000ВЏљ ­ЪЈЇ PADI #Scuba Diver(ВхюВєї 1ВЮ╝Ж│╝ВаЋ) : 300,000ВЏљ вХђьё░­ЪћЦ­Ъџ▓ PADI #Openwater Diver (ВхюВєї 2ВЮ╝Ж│╝ВаЋ) : 550,000ВЏљвХђьё░ ­Ъєњ­ЪЏх PADI #Advanced Openwater Diver (ВхюВєї 2ВЮ╝Ж│╝ВаЋ) : 550,000ВЏљвХђьё░ ­ЪњЦ­ЪџЌ PADI Openwater + Advanced (ВхюВєї 3ВЮ╝Ж│╝ВаЋ) : 850,000ВЏљвХђьё░ Рђ╝№ИЈ­ЪЈЦ PADI RESCUE Diver : 500,000ВЏљ­Ъџђ Ж░ЂВбЁ PADI Specialty : ВаёьЎћ вгИВЮў­ЪЈЏв░░ВџИЖ▒░вдг(PROвІеЖ│ё)­ЪЈЏ­ЪџЂPADI DIVEMASTER : 800,000ВЏљРюѕ№ИЈPADI OPENWATER INSTRUCTOR : ВаёьЎћвгИВЮў­ЪјЂ2021вЁё ЖхљВюА вЊ▒вАЮВІю 10вДїВЏљ ВЃЂвІ╣ВЮў Вёавг╝ ВдЮВаЋ­ЪјЂ­ЪЈа :  ВаюВБ╝ьі╣в│ёВъљВ╣ўвЈё ВёюЖиђьЈгВІю В╣аВІГвдгвАю91в▓ѕЖИИ 25­ЪЊъ : 010-2188-1337­ЪЊе : holidaydivingkorea@gmail.com­ЪЊ▒ : Kakao talk : divingkorea  Wechat : divingkorea #ВаюВБ╝вЈёВіцьѓеВіцВ┐ав▓ё #ВаюВБ╝вЈёВ▓┤ьЌўвІцВЮ┤в╣Ў #ВаюВБ╝вЈёВіцВ┐ав▓ёвІцВЮ┤в╣Ў #ВаюВБ╝вЈёВЌгьќЅ #ВаюВБ╝вЈёЖ┤ђЖ┤Љ#ВаюВБ╝вЈёВдљЖИИЖ▒░вдг#ВаюВБ╝вЈёВЮхВіцьіИвд╝#ВаюВБ╝вЈёвІцВЮ┤в╣Ў РђІ#В▓┤ьЌўвІцВЮ┤в╣Ў#ВіцьѓеВіцВ┐ав▓ё#ВіцВ┐ав▓ёвІцВЮ┤в╣Ў#holiday#Тхјтиът▓ЏТйюТ░┤#Тхјтиът▓Џ#ТйюТ░┤#ВўцьћѕВЏїьё░#PADI#scubadiving#scubadiverhttps://smartstore.naver.com/divingkorea",2021-08-19,34,Holiday Diving Korea,"['#Scuba', '#Openwater', '#Advanced', '#ВаюВБ╝вЈёВіцьѓеВіцВ┐ав▓ё', '#ВаюВБ╝вЈёВ▓┤ьЌўвІцВЮ┤в╣Ў', '#ВаюВБ╝вЈёВіцВ┐ав▓ёвІцВЮ┤в╣Ў', '#ВаюВБ╝вЈёВЌгьќЅ', '#ВаюВБ╝вЈёЖ┤ђЖ┤Љ', '#ВаюВБ╝вЈёВдљЖИИЖ▒░вдг', '#ВаюВБ╝вЈёВЮхВіцьіИвд╝', '#ВаюВБ╝вЈёвІцВЮ┤в╣Ў', '#В▓┤ьЌўвІцВЮ┤в╣Ў', '#ВіцьѓеВіцВ┐ав▓ё', '#ВіцВ┐ав▓ёвІцВЮ┤в╣Ў', '#holiday', '#Тхјтиът▓ЏТйюТ░┤', '#Тхјтиът▓Џ', '#ТйюТ░┤', '#ВўцьћѕВЏїьё░', '#PADI', '#scubadiving', '#scubadiverhttps://smartstore.naver.com/divingkorea']"
ВаюВБ╝ ВЮИВЃЮв░ЦВДЉРађРађРађРађРађРађРађРађРађРађРађРађРађРађРађРађРађ­ЪЋџ OPEN - 11:00РађРађРађРађРађРађРађРађРађРађРађРађ­ЪЋЋ CLOSED - 17:00РађРађРађРађРађРађРађРађРађРађРађРађРађРађРађРађРађвИїваѕВЮ┤ьЂгьЃђВъё ВЌєВќ┤Вџћ.ВўѕВЋйВЮђ в░ЏВДђ ВЋіЖ│а ВўцВІювіћ ВѕюВёювїђвАю ВІЮВѓгЖ░ђвіЦ ьЋўВёИВџћ.ВІ▒ВІ▒ьЋю ьЋ┤вг╝Ж│╝ ВІаВёаьЋю ВЋ╝В▒ёвАю ЖиИвѓа Вцђв╣ёьЋю ВъгвБїЖ░ђ ВєїВДёвљўвЕ┤ ВА░ЖИ░вДѕЖ░љ ьЋЕвІѕвІц. РађРађРађРађРађРађРађРађРађРађРађРађРађРађРађРађРађРађРађРађРађРађРађРађРађРађРађРађРађРађРађРађРађРађ­ЪЦБВаёв│хьЋ┤вг╝в│ХВЮїв░Ц / Ваёв│хвг╝ьџї / Ваёв│хвћ▒ВЃѕВџ░ВъЦ ВаЋВІЮРађРађРађРађРађРађРађРађРађРађРађРађРађРађРађРађРађВѓгвіћЖ▓ївІѕвѓўвЁИ ~ РЎгВЮИВЃЮв░ЦВДЉ010-6501-5073ВБ╝Вєївіћ ВаюВБ╝ВІю ьЋювд╝ВЮЇ вгИЖхљЖИИ6 ..РађРађРађРађРађРађРађРађРађРађРађРађРађРађРађРађРађ­ЪЁ┐№ИЈ вг┤вБї Ж│хВўЂ ВБ╝В░еВъЦ ВюёВ╣ў!! .РађРађРађРађРађРађРађРађРађРађРађРађРађРађРађРађРађ­ЪџЌ ВаюВБ╝ВІю ьЋювд╝ВЮЇ ьЋювд╝вдг 1197-4­Ъџў ВаюВБ╝ВІю ьЋювд╝ВЮЇ ьЋювд╝вдг 1198-3­ЪџЎ ВаюВБ╝ВІю ьЋювд╝ВЮЇ ьЋювд╝вдг 943-9.Ж▒ИВќ┤Вёю 2вХёВЮ┤вѓ┤ Ж▒░вдгВЌљВџћ~РЎАРЎА#ВаюВБ╝ #ВаюВБ╝вЈё #ВаюВБ╝вЈёЖ┤ђЖ┤Љ #ВаюВБ╝ВёюЖиђьЈгЖ░ђв│╝вДїьЋюЖ││ #ВаюВБ╝вЈёЖ░ђв│╝вДїьЋюЖ││ #ВаюВБ╝вѓаВће #ВаюВБ╝вЈёвѓаВће #ВаюВБ╝вЈёьјюВЁў #ВаюВБ╝Ж│хьЋГ #ВаюВБ╝в╣ёьќЅЖИ░ #ВаюВБ╝вЈёв╣ёьќЅЖИ░ #ВаюВБ╝вДЏВДЉ #ВаюВБ╝вЈёвДЏВДЉ #ВаюВБ╝ВЋаВЏћвДЏВДЉ #Ж┤ЉВБ╝ #ВаюВБ╝ьўЉВъгвДЏВДЉ #ВаюВБ╝ьЋювд╝вДЏВДЉ #ВаюВБ╝вЈёВЋаВЏћвДЏВДЉ #ВаюВБ╝вЈёВё▒Вѓ░вДЏВДЉ #ВаюВБ╝вЈёьўЉВъгвДЏВДЉ #ВаюВБ╝вЈёьЋювд╝вДЏВДЉ #ВЃѕв│ёВўцвдё #ЖИѕВўцвдё #в╣ёьќЅЖИ░ВЃи #ВБ╝в│ђвДЏВДЉ #вѓ┤ВБ╝в│ђвДЏВДЉ #ВўцВёцвАЮ #вЈёвЉљв┤Ѕ #ьЋевЇЋвДЏВДЉ #Вё▒Вѓ░вДЏВДЉ,2021-08-19,2,,"['#ВаюВБ╝', '#ВаюВБ╝вЈё', '#ВаюВБ╝вЈёЖ┤ђЖ┤Љ', '#ВаюВБ╝ВёюЖиђьЈгЖ░ђв│╝вДїьЋюЖ││', '#ВаюВБ╝вЈёЖ░ђв│╝вДїьЋюЖ││', '#ВаюВБ╝вѓаВће', '#ВаюВБ╝вЈёвѓаВће', '#ВаюВБ╝вЈёьјюВЁў', '#ВаюВБ╝Ж│хьЋГ', '#ВаюВБ╝в╣ёьќЅЖИ░', '#ВаюВБ╝вЈёв╣ёьќЅЖИ░', '#ВаюВБ╝вДЏВДЉ', '#ВаюВБ╝вЈёвДЏВДЉ', '#ВаюВБ╝ВЋаВЏћвДЏВДЉ', '#Ж┤ЉВБ╝', '#ВаюВБ╝ьўЉВъгвДЏВДЉ', '#ВаюВБ╝ьЋювд╝вДЏВДЉ', '#ВаюВБ╝вЈёВЋаВЏћвДЏВДЉ', '#ВаюВБ╝вЈёВё▒Вѓ░вДЏВДЉ', '#ВаюВБ╝вЈёьўЉВъгвДЏВДЉ', '#ВаюВБ╝вЈёьЋювд╝вДЏВДЉ', '#ВЃѕв│ёВўцвдё', '#ЖИѕВўцвдё', '#в╣ёьќЅЖИ░ВЃи', '#ВБ╝в│ђвДЏВДЉ', '#вѓ┤ВБ╝в│ђвДЏВДЉ', '#ВўцВёцвАЮ', '#вЈёвЉљв┤Ѕ', '#ьЋевЇЋвДЏВДЉ', '#Вё▒Вѓ░вДЏВДЉ']"
ВаюВБ╝ ВЮИВЃЮв░ЦВДЉРађРађРађРађРађРађРађРађРађРађРађРађРађРађРађРађРађ­ЪЋџ OPEN - 11:00РађРађРађРађРађРађРађРађРађРађРађРађ­ЪЋЋ CLOSED - 17:00РађРађРађРађРађРађРађРађРађРађРађРађРађРађРађРађРађвИїваѕВЮ┤ьЂгьЃђВъё ВЌєВќ┤Вџћ.ВўѕВЋйВЮђ в░ЏВДђ ВЋіЖ│а ВўцВІювіћ ВѕюВёювїђвАю ВІЮВѓгЖ░ђвіЦ ьЋўВёИВџћ.ВІ▒ВІ▒ьЋю ьЋ┤вг╝Ж│╝ ВІаВёаьЋю ВЋ╝В▒ёвАю ЖиИвѓа Вцђв╣ёьЋю ВъгвБїЖ░ђ ВєїВДёвљўвЕ┤ ВА░ЖИ░вДѕЖ░љ ьЋЕвІѕвІц. РађРађРађРађРађРађРађРађРађРађРађРађРађРађРађРађРађРађРађРађРађРађРађРађРађРађРађРађРађРађРађРађРађРађ­ЪЦБВаёв│хьЋ┤вг╝в│ХВЮїв░Ц / Ваёв│хвг╝ьџї / Ваёв│хвћ▒ВЃѕВџ░ВъЦ ВаЋВІЮРађРађРађРађРађРађРађРађРађРађРађРађРађРађРађРађРађВѓгвіћЖ▓ївІѕвѓўвЁИ ~ РЎгВЮИВЃЮв░ЦВДЉ010-6501-5073ВБ╝Вєївіћ ВаюВБ╝ВІю ьЋювд╝ВЮЇ вгИЖхљЖИИ6 ..РађРађРађРађРађРађРађРађРађРађРађРађРађРађРађРађРађ­ЪЁ┐№ИЈ вг┤вБї Ж│хВўЂ ВБ╝В░еВъЦ ВюёВ╣ў!! .РађРађРађРађРађРађРађРађРађРађРађРађРађРађРађРађРађ­ЪџЌ ВаюВБ╝ВІю ьЋювд╝ВЮЇ ьЋювд╝вдг 1197-4­Ъџў ВаюВБ╝ВІю ьЋювд╝ВЮЇ ьЋювд╝вдг 1198-3­ЪџЎ ВаюВБ╝ВІю ьЋювд╝ВЮЇ ьЋювд╝вдг 943-9.Ж▒ИВќ┤Вёю 2вХёВЮ┤вѓ┤ Ж▒░вдгВЌљВџћ~РЎАРЎА#ВаюВБ╝ #ВаюВБ╝вЈё #ВаюВБ╝вЈёЖ┤ђЖ┤Љ #ВаюВБ╝ВёюЖиђьЈгЖ░ђв│╝вДїьЋюЖ││ #ВаюВБ╝вЈёЖ░ђв│╝вДїьЋюЖ││ #ВаюВБ╝вѓаВће #ВаюВБ╝вЈёвѓаВће #ВаюВБ╝вЈёьјюВЁў #ВаюВБ╝Ж│хьЋГ #ВаюВБ╝в╣ёьќЅЖИ░ #ВаюВБ╝вЈёв╣ёьќЅЖИ░ #ВаюВБ╝вДЏВДЉ #ВаюВБ╝вЈёвДЏВДЉ #ВаюВБ╝ВЋаВЏћвДЏВДЉ #вїђВаё #ВаюВБ╝ьўЉВъгвДЏВДЉ #ВаюВБ╝ьЋювд╝вДЏВДЉ #ВаюВБ╝вЈёВЋаВЏћвДЏВДЉ #ВаюВБ╝вЈёВё▒Вѓ░вДЏВДЉ #ВаюВБ╝вЈёьўЉВъгвДЏВДЉ #ВаюВБ╝вЈёьЋювд╝вДЏВДЉ #ВЃѕв│ёВўцвдё #ЖИѕВўцвдё #в╣ёьќЅЖИ░ВЃи #ВБ╝в│ђвДЏВДЉ #вѓ┤ВБ╝в│ђвДЏВДЉ #ВўцВёцвАЮ #вЈёвЉљв┤Ѕ #ьЋевЇЋвДЏВДЉ #Вё▒Вѓ░вДЏВДЉ,2021-08-19,4,,"['#ВаюВБ╝', '#ВаюВБ╝вЈё', '#ВаюВБ╝вЈёЖ┤ђЖ┤Љ', '#ВаюВБ╝ВёюЖиђьЈгЖ░ђв│╝вДїьЋюЖ││', '#ВаюВБ╝вЈёЖ░ђв│╝вДїьЋюЖ││', '#ВаюВБ╝вѓаВће', '#ВаюВБ╝вЈёвѓаВће', '#ВаюВБ╝вЈёьјюВЁў', '#ВаюВБ╝Ж│хьЋГ', '#ВаюВБ╝в╣ёьќЅЖИ░', '#ВаюВБ╝вЈёв╣ёьќЅЖИ░', '#ВаюВБ╝вДЏВДЉ', '#ВаюВБ╝вЈёвДЏВДЉ', '#ВаюВБ╝ВЋаВЏћвДЏВДЉ', '#вїђВаё', '#ВаюВБ╝ьўЉВъгвДЏВДЉ', '#ВаюВБ╝ьЋювд╝вДЏВДЉ', '#ВаюВБ╝вЈёВЋаВЏћвДЏВДЉ', '#ВаюВБ╝вЈёВё▒Вѓ░вДЏВДЉ', '#ВаюВБ╝вЈёьўЉВъгвДЏВДЉ', '#ВаюВБ╝вЈёьЋювд╝вДЏВДЉ', '#ВЃѕв│ёВўцвдё', '#ЖИѕВўцвдё', '#в╣ёьќЅЖИ░ВЃи', '#ВБ╝в│ђвДЏВДЉ', '#вѓ┤ВБ╝в│ђвДЏВДЉ', '#ВўцВёцвАЮ', '#вЈёвЉљв┤Ѕ', '#ьЋевЇЋвДЏВДЉ', '#Вё▒Вѓ░вДЏВДЉ']"
ВаюВБ╝ ВЮИВЃЮв░ЦВДЉРађРађРађРађРађРађРађРађРађРађРађРађРађРађРађРађРађ­ЪЋџ OPEN - 11:00РађРађРађРађРађРађРађРађРађРађРађРађ­ЪЋЋ CLOSED - 17:00РађРађРађРађРађРађРађРађРађРађРађРађРађРађРађРађРађвИїваѕВЮ┤ьЂгьЃђВъё ВЌєВќ┤Вџћ.ВўѕВЋйВЮђ в░ЏВДђ ВЋіЖ│а ВўцВІювіћ ВѕюВёювїђвАю ВІЮВѓгЖ░ђвіЦ ьЋўВёИВџћ.ВІ▒ВІ▒ьЋю ьЋ┤вг╝Ж│╝ ВІаВёаьЋю ВЋ╝В▒ёвАю ЖиИвѓа Вцђв╣ёьЋю ВъгвБїЖ░ђ ВєїВДёвљўвЕ┤ ВА░ЖИ░вДѕЖ░љ ьЋЕвІѕвІц. РађРађРађРађРађРађРађРађРађРађРађРађРађРађРађРађРађРађРађРађРађРађРађРађРађРађРађРађРађРађРађРађРађРађ­ЪЦБВаёв│хьЋ┤вг╝в│ХВЮїв░Ц / Ваёв│хвг╝ьџї / Ваёв│хвћ▒ВЃѕВџ░ВъЦ ВаЋВІЮРађРађРађРађРађРађРађРађРађРађРађРађРађРађРађРађРађВѓгвіћЖ▓ївІѕвѓўвЁИ ~ РЎгВЮИВЃЮв░ЦВДЉ010-6501-5073ВБ╝Вєївіћ ВаюВБ╝ВІю ьЋювд╝ВЮЇ вгИЖхљЖИИ6 ..РађРађРађРађРађРађРађРађРађРађРађРађРађРађРађРађРађ­ЪЁ┐№ИЈ вг┤вБї Ж│хВўЂ ВБ╝В░еВъЦ ВюёВ╣ў!! .РађРађРађРађРађРађРађРађРађРађРађРађРађРађРађРађРађ­ЪџЌ ВаюВБ╝ВІю ьЋювд╝ВЮЇ ьЋювд╝вдг 1197-4­Ъџў ВаюВБ╝ВІю ьЋювд╝ВЮЇ ьЋювд╝вдг 1198-3­ЪџЎ ВаюВБ╝ВІю ьЋювд╝ВЮЇ ьЋювд╝вдг 943-9.Ж▒ИВќ┤Вёю 2вХёВЮ┤вѓ┤ Ж▒░вдгВЌљВџћ~РЎАРЎА#ВаюВБ╝ #ВаюВБ╝вЈё #ВаюВБ╝вЈёЖ┤ђЖ┤Љ #ВаюВБ╝ВёюЖиђьЈгЖ░ђв│╝вДїьЋюЖ││ #ВаюВБ╝вЈёЖ░ђв│╝вДїьЋюЖ││ #ВаюВБ╝вѓаВће #ВаюВБ╝вЈёвѓаВће #ВаюВБ╝вЈёьјюВЁў #ВаюВБ╝Ж│хьЋГ #ВаюВБ╝в╣ёьќЅЖИ░ #ВаюВБ╝вЈёв╣ёьќЅЖИ░ #ВаюВБ╝вДЏВДЉ #ВаюВБ╝вЈёвДЏВДЉ #ВаюВБ╝ВЋаВЏћвДЏВДЉ #ВаюВБ╝Вё▒Вѓ░вДЏВДЉ #ВаюВБ╝ьўЉВъгвДЏВДЉ #ВаюВБ╝ьЋювд╝вДЏВДЉ #ВаюВБ╝вЈёВЋаВЏћвДЏВДЉ #ВаюВБ╝вЈёВё▒Вѓ░вДЏВДЉ #ВаюВБ╝вЈёьўЉВъгвДЏВДЉ #ВаюВБ╝вЈёьЋювд╝вДЏВДЉ #ВЃѕв│ёВўцвдё #ЖИѕВўцвдё #в╣ёьќЅЖИ░ВЃи #ВБ╝в│ђвДЏВДЉ #вѓ┤ВБ╝в│ђвДЏВДЉ #ВўцВёцвАЮ #вЈёвЉљв┤Ѕ #ьЋевЇЋвДЏВДЉ #Вё▒Вѓ░вДЏВДЉ,2021-08-19,5,,"['#ВаюВБ╝', '#ВаюВБ╝вЈё', '#ВаюВБ╝вЈёЖ┤ђЖ┤Љ', '#ВаюВБ╝ВёюЖиђьЈгЖ░ђв│╝вДїьЋюЖ││', '#ВаюВБ╝вЈёЖ░ђв│╝вДїьЋюЖ││', '#ВаюВБ╝вѓаВће', '#ВаюВБ╝вЈёвѓаВће', '#ВаюВБ╝вЈёьјюВЁў', '#ВаюВБ╝Ж│хьЋГ', '#ВаюВБ╝в╣ёьќЅЖИ░', '#ВаюВБ╝вЈёв╣ёьќЅЖИ░', '#ВаюВБ╝вДЏВДЉ', '#ВаюВБ╝вЈёвДЏВДЉ', '#ВаюВБ╝ВЋаВЏћвДЏВДЉ', '#ВаюВБ╝Вё▒Вѓ░вДЏВДЉ', '#ВаюВБ╝ьўЉВъгвДЏВДЉ', '#ВаюВБ╝ьЋювд╝вДЏВДЉ', '#ВаюВБ╝вЈёВЋаВЏћвДЏВДЉ', '#ВаюВБ╝вЈёВё▒Вѓ░вДЏВДЉ', '#ВаюВБ╝вЈёьўЉВъгвДЏВДЉ', '#ВаюВБ╝вЈёьЋювд╝вДЏВДЉ', '#ВЃѕв│ёВўцвдё', '#ЖИѕВўцвдё', '#в╣ёьќЅЖИ░ВЃи', '#ВБ╝в│ђвДЏВДЉ', '#вѓ┤ВБ╝в│ђвДЏВДЉ', '#ВўцВёцвАЮ', '#вЈёвЉљв┤Ѕ', '#ьЋевЇЋвДЏВДЉ', '#Вё▒Вѓ░вДЏВДЉ']"
ВаюВБ╝ ВЮИВЃЮв░ЦВДЉРађРађРађРађРађРађРађРађРађРађРађРађРађРађРађРађРађ­ЪЋџ OPEN - 11:00РађРађРађРађРађРађРађРађРађРађРађРађ­ЪЋЋ CLOSED - 17:00РађРађРађРађРађРађРађРађРађРађРађРађРађРађРађРађРађвИїваѕВЮ┤ьЂгьЃђВъё ВЌєВќ┤Вџћ.ВўѕВЋйВЮђ в░ЏВДђ ВЋіЖ│а ВўцВІювіћ ВѕюВёювїђвАю ВІЮВѓгЖ░ђвіЦ ьЋўВёИВџћ.ВІ▒ВІ▒ьЋю ьЋ┤вг╝Ж│╝ ВІаВёаьЋю ВЋ╝В▒ёвАю ЖиИвѓа Вцђв╣ёьЋю ВъгвБїЖ░ђ ВєїВДёвљўвЕ┤ ВА░ЖИ░вДѕЖ░љ ьЋЕвІѕвІц. РађРађРађРађРађРађРађРађРађРађРађРађРађРађРађРађРађРађРађРађРађРађРађРађРађРађРађРађРађРађРађРађРађРађ­ЪЦБВаёв│хьЋ┤вг╝в│ХВЮїв░Ц / Ваёв│хвг╝ьџї / Ваёв│хвћ▒ВЃѕВџ░ВъЦ ВаЋВІЮРађРађРађРађРађРађРађРађРађРађРађРађРађРађРађРађРађВѓгвіћЖ▓ївІѕвѓўвЁИ ~ РЎгВЮИВЃЮв░ЦВДЉ010-6501-5073ВБ╝Вєївіћ ВаюВБ╝ВІю ьЋювд╝ВЮЇ вгИЖхљЖИИ6 ..РађРађРађРађРађРађРађРађРађРађРађРађРађРађРађРађРађ­ЪЁ┐№ИЈ вг┤вБї Ж│хВўЂ ВБ╝В░еВъЦ ВюёВ╣ў!! .РађРађРађРађРађРађРађРађРађРађРађРађРађРађРађРађРађ­ЪџЌ ВаюВБ╝ВІю ьЋювд╝ВЮЇ ьЋювд╝вдг 1197-4­Ъџў ВаюВБ╝ВІю ьЋювд╝ВЮЇ ьЋювд╝вдг 1198-3­ЪџЎ ВаюВБ╝ВІю ьЋювд╝ВЮЇ ьЋювд╝вдг 943-9.Ж▒ИВќ┤Вёю 2вХёВЮ┤вѓ┤ Ж▒░вдгВЌљВџћ~РЎАРЎА#ВаюВБ╝вЈёвДЏВДЉ #ВаюВБ╝вЈёвѓаВће #ВаюВБ╝вЈёьЋГЖ│хЖХї #ВаюВБ╝вЈёваїьіИВ╣┤ #ВаюВБ╝ВЋаВЏћвДЏВДЉ #ВаюВБ╝вЈёВДђвЈё #ВаюВБ╝Ж│хьЋГЖи╝В▓ўвДЏВДЉ #ВаюВБ╝вДЏВДЉ #ВаюВБ╝вЈёЖ┤ђЖ┤Љ #ВаюВБ╝вЈёЖ░ђв│╝вДїьЋюЖ││ #ВаюВБ╝вЈёВѕЎВєї #ВаюВБ╝вЈёЖ▓їВіцьіИьЋўВџ░Віц #ВаюВБ╝Вё▒Вѓ░вДЏВДЉ #ВаюВБ╝ВІювДЏВДЉ #ВаюВБ╝ВцЉвгИвДЏВДЉ #ВаюВБ╝вЈёвДЏВДЉвдгВіцьіИ #ВаюВБ╝вЈёвДЏВДЉВДђвЈё #ВаюВБ╝вЈёвДЏВДЉВХћВ▓ю #ВаюВБ╝вЈё #ВаюВБ╝вДЏВДЉВХћВ▓ю #ВЋаВЏћвДЏВДЉ #ьўЉВъгвДЏВДЉ #ьЋювд╝вДЏВДЉ #ьўЉВъгьЋ┤ВѕўВџЋВъЦ #ВЃѕв│ёВўцвдё #ЖИѕВўцвдё #ьЋ┤Вџ┤вїђвДЏВДЉ #ВёюЖиђьЈгвДЏВДЉ #ВаюВБ╝вЈЎвгИВІюВъЦ #ВўцВёцвАЮ,2021-08-19,7,,"['#ВаюВБ╝вЈёвДЏВДЉ', '#ВаюВБ╝вЈёвѓаВће', '#ВаюВБ╝вЈёьЋГЖ│хЖХї', '#ВаюВБ╝вЈёваїьіИВ╣┤', '#ВаюВБ╝ВЋаВЏћвДЏВДЉ', '#ВаюВБ╝вЈёВДђвЈё', '#ВаюВБ╝Ж│хьЋГЖи╝В▓ўвДЏВДЉ', '#ВаюВБ╝вДЏВДЉ', '#ВаюВБ╝вЈёЖ┤ђЖ┤Љ', '#ВаюВБ╝вЈёЖ░ђв│╝вДїьЋюЖ││', '#ВаюВБ╝вЈёВѕЎВєї', '#ВаюВБ╝вЈёЖ▓їВіцьіИьЋўВџ░Віц', '#ВаюВБ╝Вё▒Вѓ░вДЏВДЉ', '#ВаюВБ╝ВІювДЏВДЉ', '#ВаюВБ╝ВцЉвгИвДЏВДЉ', '#ВаюВБ╝вЈёвДЏВДЉвдгВіцьіИ', '#ВаюВБ╝вЈёвДЏВДЉВДђвЈё', '#ВаюВБ╝вЈёвДЏВДЉВХћВ▓ю', '#ВаюВБ╝вЈё', '#ВаюВБ╝вДЏВДЉВХћВ▓ю', '#ВЋаВЏћвДЏВДЉ', '#ьўЉВъгвДЏВДЉ', '#ьЋювд╝вДЏВДЉ', '#ьўЉВъгьЋ┤ВѕўВџЋВъЦ', '#ВЃѕв│ёВўцвдё', '#ЖИѕВўцвдё', '#ьЋ┤Вџ┤вїђвДЏВДЉ', '#ВёюЖиђьЈгвДЏВДЉ', '#ВаюВБ╝вЈЎвгИВІюВъЦ', '#ВўцВёцвАЮ']"
#ВѓгВДёьЋюВъћВЮўВЌгВюаВўгьЋ┤ВЌгвдёВё▒ВёИЖИ░ьЋ┤в│ђВЌљВёю РађРађ,2021-08-19,,Ж╣ђвЁЋ Вё▒ВёИЖИ░ ьЋ┤в│ђ,['#ВѓгВДёьЋюВъћВЮўВЌгВюаВўгьЋ┤ВЌгвдёВё▒ВёИЖИ░ьЋ┤в│ђВЌљВёю']
В▓ўВёюЖ░ђ Въёв░ЋьќѕВіхвІѕвІцВўг ВЌгвдё вДѕВДђвДЅ ВйЕЖхГВѕўЖ░ђ ВЋёвІљЖ╣їВџћ,2021-08-19,42,ьЋавДЮЖ│░ьЃЋ,[]
ВёаВЁІ ьЎўВЃЂВаЂ­ЪїёРађ­ЪЊи by.kanna._Рађ,2021-08-19,37,ВёюЖиђьЈг в▓ЋьЎўьЈгЖхг,[]
ВаюВБ╝ Ж▒░вдгвЉљЖИ░ 4вІеЖ│ё Ж▓ЕВЃЂ ВЋѕвѓ┤Рађ8ВЏћ 18ВЮ╝вХђьё░ ВѓгьџїВаЂ Ж▒░вдг вЉљЖИ░ 4вІеЖ│ёЖ░ђВІюьќЅвљўВЌѕВіхвІѕвІц.РађВѓгВаЂ вфеВъё 6ВІю ВЮ┤ьЏё 2вфЁ ВаюьЋювІцВцЉВЮ┤ВџЕВІюВёц в░ц 10ВІю ВЮ┤ьЏё Вџ┤ВўЂ ВаюьЋюРађВъљВёИьЋю ВѓгьЋГВЮђ 4вІеЖ│ё Ж░юьјИВЋѕВЮё В░ИЖ│аьЋўВёИВџћ.Рађ,2021-08-19,18,ВёюЖиђьЈг в▓ЋьЎўьЈгЖхг,[]
в»ИВ╣ювЊ»ВЮ┤ ВЋёвдёвІцВЏавЇў ВѓгЖ│ё в░ћвІцРађВхюВЋа в░ћвІцЖ░ђ в░ћвђљ вѓа­ЪњЋРађ­ЪЊи JINIQUEhttps://blog.naver.com/songk4637/222277208264Рађ,2021-08-19,37,ВаюВБ╝ ВѓгЖ│ёьЋ┤в│ђ,[]
ВаюВБ╝ Ж▒░вдгвЉљЖИ░ 4вІеЖ│ё Ж▓ЕВЃЂ ВЋѕвѓ┤Рађ8ВЏћ 18ВЮ╝вХђьё░ ВѓгьџїВаЂ Ж▒░вдг вЉљЖИ░ 4вІеЖ│ёЖ░ђВІюьќЅвљўВЌѕВіхвІѕвІц.РађВѓгВаЂ вфеВъё 6ВІю ВЮ┤ьЏё 2вфЁ ВаюьЋювІцВцЉВЮ┤ВџЕВІюВёц в░ц 10ВІю ВЮ┤ьЏё Вџ┤ВўЂ ВаюьЋюРађВъљВёИьЋю ВѓгьЋГВЮђ 4вІеЖ│ё Ж░юьјИВЋѕВЮё В░ИЖ│аьЋўВёИВџћ.Рађ,2021-08-19,16,ВаюВБ╝ ВѓгЖ│ёьЋ┤в│ђ,[]
ВБ╝в│ђ ьњЇЖ▓йВЮ┤ ВаЋвДљ ВЋёвдёвІцВџ┤ ВаюВБ╝ ьЋўвЈёвдгРађьЋўвЈё в░ћвІцВЌљВёювіћ Вџ░вЈёВЎђ ВДђв»Ив┤ЅВЮ┤ в│┤ВЌгВџћ­ЪцГРађ­ЪЊи вЈёвЈёhttps://blog.naver.com/ontheroad_gh/222443485225Рађ,2021-08-19,31,ьЋўвЈёВќ┤В┤їЖ│ё,[]
ВаюВБ╝ Ж▒░вдгвЉљЖИ░ 4вІеЖ│ё Ж▓ЕВЃЂ ВЋѕвѓ┤Рађ8ВЏћ 18ВЮ╝вХђьё░ ВѓгьџїВаЂ Ж▒░вдг вЉљЖИ░ 4вІеЖ│ёЖ░ђВІюьќЅвљўВЌѕВіхвІѕвІц.РађВѓгВаЂ вфеВъё 6ВІю ВЮ┤ьЏё 2вфЁ ВаюьЋювІцВцЉВЮ┤ВџЕВІюВёц в░ц 10ВІю ВЮ┤ьЏё Вџ┤ВўЂ ВаюьЋюРађВъљВёИьЋю ВѓгьЋГВЮђ 4вІеЖ│ё Ж░юьјИВЋѕВЮё В░ИЖ│аьЋўВёИВџћ.Рађ,2021-08-19,19,ьЋўвЈёВќ┤В┤їЖ│ё,[]
#ВЋёвЁюВіцВЮўВЋъВ╣ўвДѕ.ВЎђ!вѓаВћеВбІвІц ьЋўвЕ┤Вёю ВѓгВДёВ░ЇвіћвЇ░ Ж░ЉВъљЖИ░ В▓ювЉЦв▓ѕЖ░ю в╣ёЖ░ђьЏёвЉљвЉЉ!!!ВџћВдўвѓаВће Ж░ђвіаьЋаВѕўЖ░ђ ВЌєвёцВџћсЁјсЁјвфЕВџћВЮ╝ ВЋёвЁюВіцВЮў ВЋъВ╣ўвДѕ ьЎюВДЮ ВЌ┤ВЌѕВіхвІѕвІц~~^^ВўцвіўВЮђ 6ВІюЖ╣їВДђ ВЌ┤Вќ┤вЉўЖ╗ўВџћРЮц.­ЪЊїВБ╝В░евіћ Ж░ђЖ▓ї ВаЋвЕ┤ВЌљ ВўцвЦИВфй ВБ╝В░еВ╣ИВЌљ ВБ╝В░еьЋўВІюЖ│авДїВ░еВІю в░ћвІцв░ЕьќЦВю╝вАю ВЋй50в»Иьё░ ВаЋвЈё вѓ┤вацЖ░ђВІювЕ┤ВБ╝В░е ьЋўВІц Вѕў ВъѕВіхвІѕвІц­ЪцЌ.­ЪЊїв▓ёВіц ьЃЉВі╣ВІю 201в▓ѕ в▓ёВіц ьЃЉВі╣ьЋўВІюЖ│а ЖИѕВѓ░вфЕ ВаЋвЦўВъЦВЌљВёю вѓ┤вац в░ћвІц в░ЕьќЦВю╝вАю 3-5вХёВаЋвЈёвѓ┤вацВўцВІювЕ┤ вљЕвІѕвІц ­ЪцЌ...#ВаюВБ╝#ВаюВБ╝вЈё#9ВЏћВаюВБ╝вЈёЖ░ђв│╝вДїьЋюЖ││#8ВЏћВаюВБ╝вЈёЖ░ђв│╝вДїьЋюЖ││#ВаюВБ╝вЈёЖ┤ђЖ┤Љ#ВаюВБ╝вЈёЖ░ђв│╝вДїьЋюЖ││#ВаюВБ╝вЈёЖ┤ђЖ┤ЉВДђ#ВаюВБ╝вЈЎВфйЖ░ђв│╝вДїьЋюЖ││#ВаюВБ╝вЈёЖ░ѕвДїьЋюЖ││#ВаюВБ╝вЈЎвХђЖ░ђв│╝вДїьЋюЖ││#ВаюВБ╝В╣┤ьјў#ВаюВБ╝вЈёВ╣┤ьјў#ВаюВБ╝ВЌгьќЅВХћВ▓ю#ЖхгВбїВЮЇВ╣┤ьјў#JEJU#ьќЅВЏљвдгВ╣┤ьјў#ВаюВБ╝ЖхгВбїЖ░ђв│╝вДїьЋюЖ││#ВаюВБ╝вЈёЖ╝ГЖ░ђв┤љВЋ╝ьЋаЖ││#ВаюВБ╝ьЋФьћїваѕВЮ┤Віц#ВаюВБ╝вЈёВйћВіц#ви░ВбІВЮђВ╣┤ьјў#ВаюВБ╝ВЌгьќЅ#ВаюВБ╝вЈёвДЏВДЉВХћВ▓ю#ВЏћВаЋвдгВ╣┤ьјў#ВаюВБ╝вЈёВўѕВЂюВ╣┤ьјў#ВЏћВаЋвдгвДЏВДЉ#ВаюВБ╝вЈёьЋФьћїваѕВЮ┤Віц#ВаюВБ╝вЈёЖ╣їьјў#ВаюВБ╝вџюв▓ЁВЮ┤ВЌгьќЅ,2021-08-19,51,ВЋёвЁюВіцВЮўВЋъВ╣ўвДѕ,"['#ВЋёвЁюВіцВЮўВЋъВ╣ўвДѕ.ВЎђ!вѓаВћеВбІвІц', '#ВаюВБ╝', '#ВаюВБ╝вЈё', '#9ВЏћВаюВБ╝вЈёЖ░ђв│╝вДїьЋюЖ││', '#8ВЏћВаюВБ╝вЈёЖ░ђв│╝вДїьЋюЖ││', '#ВаюВБ╝вЈёЖ┤ђЖ┤Љ', '#ВаюВБ╝вЈёЖ░ђв│╝вДїьЋюЖ││', '#ВаюВБ╝вЈёЖ┤ђЖ┤ЉВДђ', '#ВаюВБ╝вЈЎВфйЖ░ђв│╝вДїьЋюЖ││', '#ВаюВБ╝вЈёЖ░ѕвДїьЋюЖ││', '#ВаюВБ╝вЈЎвХђЖ░ђв│╝вДїьЋюЖ││', '#ВаюВБ╝В╣┤ьјў', '#ВаюВБ╝вЈёВ╣┤ьјў', '#ВаюВБ╝ВЌгьќЅВХћВ▓ю', '#ЖхгВбїВЮЇВ╣┤ьјў', '#JEJU', '#ьќЅВЏљвдгВ╣┤ьјў', '#ВаюВБ╝ЖхгВбїЖ░ђв│╝вДїьЋюЖ││', '#ВаюВБ╝вЈёЖ╝ГЖ░ђв┤љВЋ╝ьЋаЖ││', '#ВаюВБ╝ьЋФьћїваѕВЮ┤Віц', '#ВаюВБ╝вЈёВйћВіц', '#ви░ВбІВЮђВ╣┤ьјў', '#ВаюВБ╝ВЌгьќЅ', '#ВаюВБ╝вЈёвДЏВДЉВХћВ▓ю', '#ВЏћВаЋвдгВ╣┤ьјў', '#ВаюВБ╝вЈёВўѕВЂюВ╣┤ьјў', '#ВЏћВаЋвдгвДЏВДЉ', '#ВаюВБ╝вЈёьЋФьћїваѕВЮ┤Віц', '#ВаюВБ╝вЈёЖ╣їьјў', '#ВаюВБ╝вџюв▓ЁВЮ┤ВЌгьќЅ']"
..ьЋюВЮўВЏљВЮё Ж░ђВЋ╝ьЋўвѓў ВаЋьўЋВЎИЖ│╝вЦ╝ Ж░ђЖ╣ївѓў~.6Ж░юВЏћ відВЮђ ВѓгВДё..ВЌгЖИ░вЈё ВаюВБ╝вІц.#ВаюВБ╝вЈёВѓгВДёВ░ЇЖИ░ВбІВЮђЖ││ #ВаюВБ╝вЈёьњЇЖ▓й #ВаюВБ╝вЈёВЌгьќЅ #ВаюВБ╝вЈёВ╣┤ьјў #ВаюВБ╝вЈёВѕЎВєї #ВаюВБ╝вЈёвДЏВДЉ #ВаюВБ╝вЈёВѓгВДё #ВаюВБ╝вЈёвфевЇИ #ВаюВБ╝вЈёВіцвЃЁ #ВаюВБ╝вЈёВѓ░В▒Ё #ВаюВБ╝вЈёЖ┤ђЖ┤Љ #ВаюВБ╝вЈёьЋФьћї #ВаюВБ╝вЈёВЏевћЕ #ВаюВБ╝вЈёЖ░ђв│╝вДїьЋюЖ││ #ВаюВБ╝вЈёвЈёв»╝вДЏВДЉ #ьЋювЮ╝Вѓ░ #ВаюВБ╝вЈёВЏевћЕВіцвЃЁ #ВаюВБ╝вЈёВѓгВДёвфЁВєї #ВаюВБ╝вЈё #jeju #ВЮ╝ВХю #ВЮ╝вф░ #ВаюВБ╝вЈёВЌгьќЅВйћВіц #ВаюВБ╝вЈёВѕеВЮђвДЏВДЉ #ВюаВ▒ёЖйЃ #ВѕўЖхГ #Вѓ░В▒Ё,2021-08-19,90,,"['#ВаюВБ╝вЈёВѓгВДёВ░ЇЖИ░ВбІВЮђЖ││', '#ВаюВБ╝вЈёьњЇЖ▓й', '#ВаюВБ╝вЈёВЌгьќЅ', '#ВаюВБ╝вЈёВ╣┤ьјў', '#ВаюВБ╝вЈёВѕЎВєї', '#ВаюВБ╝вЈёвДЏВДЉ', '#ВаюВБ╝вЈёВѓгВДё', '#ВаюВБ╝вЈёвфевЇИ', '#ВаюВБ╝вЈёВіцвЃЁ', '#ВаюВБ╝вЈёВѓ░В▒Ё', '#ВаюВБ╝вЈёЖ┤ђЖ┤Љ', '#ВаюВБ╝вЈёьЋФьћї', '#ВаюВБ╝вЈёВЏевћЕ', '#ВаюВБ╝вЈёЖ░ђв│╝вДїьЋюЖ││', '#ВаюВБ╝вЈёвЈёв»╝вДЏВДЉ', '#ьЋювЮ╝Вѓ░', '#ВаюВБ╝вЈёВЏевћЕВіцвЃЁ', '#ВаюВБ╝вЈёВѓгВДёвфЁВєї', '#ВаюВБ╝вЈё', '#jeju', '#ВЮ╝ВХю', '#ВЮ╝вф░', '#ВаюВБ╝вЈёВЌгьќЅВйћВіц', '#ВаюВБ╝вЈёВѕеВЮђвДЏВДЉ', '#ВюаВ▒ёЖйЃ', '#ВѕўЖхГ', '#Вѓ░В▒Ё']"
ВаюВБ╝ ВЮИВЃЮв░ЦВДЉРађРађРађРађРађРађРађРађРађРађРађРађРађРађРађРађРађ­ЪЋџ OPEN - 11:00РађРађРађРађРађРађРађРађРађРађРађРађ­ЪЋЋ CLOSED - 17:00РађРађРађРађРађРађРађРађРађРађРађРађРађРађРађРађРађвИїваѕВЮ┤ьЂгьЃђВъё ВЌєВќ┤Вџћ.ВўѕВЋйВЮђ в░ЏВДђ ВЋіЖ│а ВўцВІювіћ ВѕюВёювїђвАю ВІЮВѓгЖ░ђвіЦ ьЋўВёИВџћ.ВІ▒ВІ▒ьЋю ьЋ┤вг╝Ж│╝ ВІаВёаьЋю ВЋ╝В▒ёвАю ЖиИвѓа Вцђв╣ёьЋю ВъгвБїЖ░ђ ВєїВДёвљўвЕ┤ ВА░ЖИ░вДѕЖ░љ ьЋЕвІѕвІц. РађРађРађРађРађРађРађРађРађРађРађРађРађРађРађРађРађРађРађРађРађРађРађРађРађРађРађРађРађРађРађРађРађРађ­ЪЦБВаёв│хьЋ┤вг╝в│ХВЮїв░Ц / Ваёв│хвг╝ьџї / Ваёв│хвћ▒ВЃѕВџ░ВъЦ ВаЋВІЮРађРађРађРађРађРађРађРађРађРађРађРађРађРађРађРађРађВѓгвіћЖ▓ївІѕвѓўвЁИ ~ РЎгВЮИВЃЮв░ЦВДЉ010-6501-5073ВБ╝Вєївіћ ВаюВБ╝ВІю ьЋювд╝ВЮЇ вгИЖхљЖИИ6 ..РађРађРађРађРађРађРађРађРађРађРађРађРађРађРађРађРађ­ЪЁ┐№ИЈ вг┤вБї Ж│хВўЂ ВБ╝В░еВъЦ ВюёВ╣ў!! .РађРађРађРађРађРађРађРађРађРађРађРађРађРађРађРађРађ­ЪџЌ ВаюВБ╝ВІю ьЋювд╝ВЮЇ ьЋювд╝вдг 1197-4­Ъџў ВаюВБ╝ВІю ьЋювд╝ВЮЇ ьЋювд╝вдг 1198-3­ЪџЎ ВаюВБ╝ВІю ьЋювд╝ВЮЇ ьЋювд╝вдг 943-9.Ж▒ИВќ┤Вёю 2вХёВЮ┤вѓ┤ Ж▒░вдгВЌљВџћ~РЎАРЎА#ВаюВБ╝ЖИѕвіЦьЋ┤ВѕўВџЋВъЦ #ВаюВБ╝вЈё #ВаюВБ╝вЈёЖ┤ђЖ┤Љ #ВаюВБ╝ВёюЖиђьЈгЖ░ђв│╝вДїьЋюЖ││ #ВаюВБ╝вЈёЖ░ђв│╝вДїьЋюЖ││ #ВаюВБ╝вѓаВће #ВаюВБ╝вЈёвѓаВће #ВаюВБ╝вЈёьјюВЁў #ВаюВБ╝Ж│хьЋГ #ВаюВБ╝в╣ёьќЅЖИ░ #ВаюВБ╝вЈёв╣ёьќЅЖИ░ #ВаюВБ╝вДЏВДЉ #ВаюВБ╝вЈёвДЏВДЉ #ВаюВБ╝ВЋаВЏћвДЏВДЉ #Ж░ЋвдЅ #ВаюВБ╝ьўЉВъгвДЏВДЉ #ВаюВБ╝ьЋювд╝вДЏВДЉ #ВаюВБ╝вЈёВЋаВЏћвДЏВДЉ #ВаюВБ╝вЈёВё▒Вѓ░вДЏВДЉ #ВаюВБ╝вЈёьўЉВъгвДЏВДЉ #ВаюВБ╝вЈёьЋювд╝вДЏВДЉ #ВЃѕв│ёВўцвдё #ЖИѕВўцвдё #в╣ёьќЅЖИ░ВЃи #ВБ╝в│ђвДЏВДЉ #вѓ┤ВБ╝в│ђвДЏВДЉ #ВўцВёцвАЮ #вЈёвЉљв┤Ѕ #ВаюВБ╝вЈёьЋ┤ВѕўВџЋВъЦ #Вё▒Вѓ░вДЏВДЉ,2021-08-18,1,,"['#ВаюВБ╝ЖИѕвіЦьЋ┤ВѕўВџЋВъЦ', '#ВаюВБ╝вЈё', '#ВаюВБ╝вЈёЖ┤ђЖ┤Љ', '#ВаюВБ╝ВёюЖиђьЈгЖ░ђв│╝вДїьЋюЖ││', '#ВаюВБ╝вЈёЖ░ђв│╝вДїьЋюЖ││', '#ВаюВБ╝вѓаВће', '#ВаюВБ╝вЈёвѓаВће', '#ВаюВБ╝вЈёьјюВЁў', '#ВаюВБ╝Ж│хьЋГ', '#ВаюВБ╝в╣ёьќЅЖИ░', '#ВаюВБ╝вЈёв╣ёьќЅЖИ░', '#ВаюВБ╝вДЏВДЉ', '#ВаюВБ╝вЈёвДЏВДЉ', '#ВаюВБ╝ВЋаВЏћвДЏВДЉ', '#Ж░ЋвдЅ', '#ВаюВБ╝ьўЉВъгвДЏВДЉ', '#ВаюВБ╝ьЋювд╝вДЏВДЉ', '#ВаюВБ╝вЈёВЋаВЏћвДЏВДЉ', '#ВаюВБ╝вЈёВё▒Вѓ░вДЏВДЉ', '#ВаюВБ╝вЈёьўЉВъгвДЏВДЉ', '#ВаюВБ╝вЈёьЋювд╝вДЏВДЉ', '#ВЃѕв│ёВўцвдё', '#ЖИѕВўцвдё', '#в╣ёьќЅЖИ░ВЃи', '#ВБ╝в│ђвДЏВДЉ', '#вѓ┤ВБ╝в│ђвДЏВДЉ', '#ВўцВёцвАЮ', '#вЈёвЉљв┤Ѕ', '#ВаюВБ╝вЈёьЋ┤ВѕўВџЋВъЦ', '#Вё▒Вѓ░вДЏВДЉ']"
ВаюВБ╝ ВЮИВЃЮв░ЦВДЉРађРађРађРађРађРађРађРађРађРађРађРађРађРађРађРађРађ­ЪЋџ OPEN - 11:00РађРађРађРађРађРађРађРађРађРађРађРађ­ЪЋЋ CLOSED - 17:00РађРађРађРађРађРађРађРађРађРађРађРађРађРађРађРађРађвИїваѕВЮ┤ьЂгьЃђВъё ВЌєВќ┤Вџћ.ВўѕВЋйВЮђ в░ЏВДђ ВЋіЖ│а ВўцВІювіћ ВѕюВёювїђвАю ВІЮВѓгЖ░ђвіЦ ьЋўВёИВџћ.ВІ▒ВІ▒ьЋю ьЋ┤вг╝Ж│╝ ВІаВёаьЋю ВЋ╝В▒ёвАю ЖиИвѓа Вцђв╣ёьЋю ВъгвБїЖ░ђ ВєїВДёвљўвЕ┤ ВА░ЖИ░вДѕЖ░љ ьЋЕвІѕвІц. РађРађРађРађРађРађРађРађРађРађРађРађРађРађРађРађРађРађРађРађРађРађРађРађРађРађРађРађРађРађРађРађРађРађ­ЪЦБВаёв│хьЋ┤вг╝в│ХВЮїв░Ц / Ваёв│хвг╝ьџї / Ваёв│хвћ▒ВЃѕВџ░ВъЦ ВаЋВІЮРађРађРађРађРађРађРађРађРађРађРађРађРађРађРађРађРађВѓгвіћЖ▓ївІѕвѓўвЁИ ~ РЎгВЮИВЃЮв░ЦВДЉ010-6501-5073ВБ╝Вєївіћ ВаюВБ╝ВІю ьЋювд╝ВЮЇ вгИЖхљЖИИ6 ..РађРађРађРађРађРађРађРађРађРађРађРађРађРађРађРађРађ­ЪЁ┐№ИЈ вг┤вБї Ж│хВўЂ ВБ╝В░еВъЦ ВюёВ╣ў!! .РађРађРађРађРађРађРађРађРађРађРађРађРађРађРађРађРађ­ЪџЌ ВаюВБ╝ВІю ьЋювд╝ВЮЇ ьЋювд╝вдг 1197-4­Ъџў ВаюВБ╝ВІю ьЋювд╝ВЮЇ ьЋювд╝вдг 1198-3­ЪџЎ ВаюВБ╝ВІю ьЋювд╝ВЮЇ ьЋювд╝вдг 943-9.Ж▒ИВќ┤Вёю 2вХёВЮ┤вѓ┤ Ж▒░вдгВЌљВџћ~РЎАРЎА#ВаюВБ╝ #ВаюВБ╝вЈё #ВаюВБ╝вЈёЖ┤ђЖ┤Љ #ВаюВБ╝ВёюЖиђьЈгЖ░ђв│╝вДїьЋюЖ││ #ВаюВБ╝вЈёЖ░ђв│╝вДїьЋюЖ││ #ВаюВБ╝вѓаВће #ВаюВБ╝вЈёвѓаВће #ВаюВБ╝вЈёьјюВЁў #ВаюВБ╝Ж│хьЋГ #ВаюВБ╝в╣ёьќЅЖИ░ #ВаюВБ╝вЈёв╣ёьќЅЖИ░ #ВаюВБ╝вДЏВДЉ #ВаюВБ╝вЈёвДЏВДЉ #ВаюВБ╝ВЋаВЏћвДЏВДЉ #В▓ГВБ╝ #ВаюВБ╝ьўЉВъгвДЏВДЉ #ВаюВБ╝ьЋювд╝вДЏВДЉ #ВаюВБ╝вЈёВЋаВЏћвДЏВДЉ #ВаюВБ╝вЈёВё▒Вѓ░вДЏВДЉ #ВаюВБ╝вЈёьўЉВъгвДЏВДЉ #ВаюВБ╝вЈёьЋювд╝вДЏВДЉ #ВЃѕв│ёВўцвдё #ЖИѕВўцвдё #в╣ёьќЅЖИ░ВЃи #ВБ╝в│ђвДЏВДЉ #вѓ┤ВБ╝в│ђвДЏВДЉ #ВўцВёцвАЮ #вЈёвЉљв┤Ѕ #ьЋевЇЋвДЏВДЉ #Вё▒Вѓ░вДЏВДЉ,2021-08-18,0,,"['#ВаюВБ╝', '#ВаюВБ╝вЈё', '#ВаюВБ╝вЈёЖ┤ђЖ┤Љ', '#ВаюВБ╝ВёюЖиђьЈгЖ░ђв│╝вДїьЋюЖ││', '#ВаюВБ╝вЈёЖ░ђв│╝вДїьЋюЖ││', '#ВаюВБ╝вѓаВће', '#ВаюВБ╝вЈёвѓаВће', '#ВаюВБ╝вЈёьјюВЁў', '#ВаюВБ╝Ж│хьЋГ', '#ВаюВБ╝в╣ёьќЅЖИ░', '#ВаюВБ╝вЈёв╣ёьќЅЖИ░', '#ВаюВБ╝вДЏВДЉ', '#ВаюВБ╝вЈёвДЏВДЉ', '#ВаюВБ╝ВЋаВЏћвДЏВДЉ', '#В▓ГВБ╝', '#ВаюВБ╝ьўЉВъгвДЏВДЉ', '#ВаюВБ╝ьЋювд╝вДЏВДЉ', '#ВаюВБ╝вЈёВЋаВЏћвДЏВДЉ', '#ВаюВБ╝вЈёВё▒Вѓ░вДЏВДЉ', '#ВаюВБ╝вЈёьўЉВъгвДЏВДЉ', '#ВаюВБ╝вЈёьЋювд╝вДЏВДЉ', '#ВЃѕв│ёВўцвдё', '#ЖИѕВўцвдё', '#в╣ёьќЅЖИ░ВЃи', '#ВБ╝в│ђвДЏВДЉ', '#вѓ┤ВБ╝в│ђвДЏВДЉ', '#ВўцВёцвАЮ', '#вЈёвЉљв┤Ѕ', '#ьЋевЇЋвДЏВДЉ', '#Вё▒Вѓ░вДЏВДЉ']"
ВаюВБ╝ ВЮИВЃЮв░ЦВДЉРађРађРађРађРађРађРађРађРађРађРађРађРађРађРађРађРађ­ЪЋџ OPEN - 11:00РађРађРађРађРађРађРађРађРађРађРађРађ­ЪЋЋ CLOSED - 17:00РађРађРађРађРађРађРађРађРађРађРађРађРађРађРађРађРађвИїваѕВЮ┤ьЂгьЃђВъё ВЌєВќ┤Вџћ.ВўѕВЋйВЮђ в░ЏВДђ ВЋіЖ│а ВўцВІювіћ ВѕюВёювїђвАю ВІЮВѓгЖ░ђвіЦ ьЋўВёИВџћ.ВІ▒ВІ▒ьЋю ьЋ┤вг╝Ж│╝ ВІаВёаьЋю ВЋ╝В▒ёвАю ЖиИвѓа Вцђв╣ёьЋю ВъгвБїЖ░ђ ВєїВДёвљўвЕ┤ ВА░ЖИ░вДѕЖ░љ ьЋЕвІѕвІц. РађРађРађРађРађРађРађРађРађРађРађРађРађРађРађРађРађРађРађРађРађРађРађРађРађРађРађРађРађРађРађРађРађРађ­ЪЦБВаёв│хьЋ┤вг╝в│ХВЮїв░Ц / Ваёв│хвг╝ьџї / Ваёв│хвћ▒ВЃѕВџ░ВъЦ ВаЋВІЮРађРађРађРађРађРађРађРађРађРађРађРађРађРађРађРађРађВѓгвіћЖ▓ївІѕвѓўвЁИ ~ РЎгВЮИВЃЮв░ЦВДЉ010-6501-5073ВБ╝Вєївіћ ВаюВБ╝ВІю ьЋювд╝ВЮЇ вгИЖхљЖИИ6 ..РађРађРађРађРађРађРађРађРађРађРађРађРађРађРађРађРађ­ЪЁ┐№ИЈ вг┤вБї Ж│хВўЂ ВБ╝В░еВъЦ ВюёВ╣ў!! .РађРађРађРађРађРађРађРађРађРађРађРађРађРађРађРађРађ­ЪџЌ ВаюВБ╝ВІю ьЋювд╝ВЮЇ ьЋювд╝вдг 1197-4­Ъџў ВаюВБ╝ВІю ьЋювд╝ВЮЇ ьЋювд╝вдг 1198-3­ЪџЎ ВаюВБ╝ВІю ьЋювд╝ВЮЇ ьЋювд╝вдг 943-9.Ж▒ИВќ┤Вёю 2вХёВЮ┤вѓ┤ Ж▒░вдгВЌљВџћ~РЎАРЎА#ВаюВБ╝ #ВаюВБ╝вЈё #ВаюВБ╝вЈёЖ┤ђЖ┤Љ #ВаюВБ╝ВёюЖиђьЈгЖ░ђв│╝вДїьЋюЖ││ #ВаюВБ╝вЈёЖ░ђв│╝вДїьЋюЖ││ #ВаюВБ╝вѓаВће #ВаюВБ╝вЈёвѓаВће #ВаюВБ╝вЈёьјюВЁў #ВаюВБ╝Ж│хьЋГ #ВаюВБ╝в╣ёьќЅЖИ░ #ВаюВБ╝вЈёв╣ёьќЅЖИ░ #ВаюВБ╝вДЏВДЉ #ВаюВБ╝вЈёвДЏВДЉ #ВаюВБ╝ВЋаВЏћвДЏВДЉ #Ж┤ЉВБ╝ #ВаюВБ╝ьўЉВъгвДЏВДЉ #ВаюВБ╝ьЋювд╝вДЏВДЉ #ВаюВБ╝вЈёВЋаВЏћвДЏВДЉ #ВаюВБ╝вЈёВё▒Вѓ░вДЏВДЉ #ВаюВБ╝вЈёьўЉВъгвДЏВДЉ #ВаюВБ╝вЈёьЋювд╝вДЏВДЉ #ВЃѕв│ёВўцвдё #ЖИѕВўцвдё #в╣ёьќЅЖИ░ВЃи #ВБ╝в│ђвДЏВДЉ #вѓ┤ВБ╝в│ђвДЏВДЉ #ВўцВёцвАЮ #вЈёвЉљв┤Ѕ #ьЋевЇЋвДЏВДЉ #Вё▒Вѓ░вДЏВДЉ,2021-08-18,1,,"['#ВаюВБ╝', '#ВаюВБ╝вЈё', '#ВаюВБ╝вЈёЖ┤ђЖ┤Љ', '#ВаюВБ╝ВёюЖиђьЈгЖ░ђв│╝вДїьЋюЖ││', '#ВаюВБ╝вЈёЖ░ђв│╝вДїьЋюЖ││', '#ВаюВБ╝вѓаВће', '#ВаюВБ╝вЈёвѓаВће', '#ВаюВБ╝вЈёьјюВЁў', '#ВаюВБ╝Ж│хьЋГ', '#ВаюВБ╝в╣ёьќЅЖИ░', '#ВаюВБ╝вЈёв╣ёьќЅЖИ░', '#ВаюВБ╝вДЏВДЉ', '#ВаюВБ╝вЈёвДЏВДЉ', '#ВаюВБ╝ВЋаВЏћвДЏВДЉ', '#Ж┤ЉВБ╝', '#ВаюВБ╝ьўЉВъгвДЏВДЉ', '#ВаюВБ╝ьЋювд╝вДЏВДЉ', '#ВаюВБ╝вЈёВЋаВЏћвДЏВДЉ', '#ВаюВБ╝вЈёВё▒Вѓ░вДЏВДЉ', '#ВаюВБ╝вЈёьўЉВъгвДЏВДЉ', '#ВаюВБ╝вЈёьЋювд╝вДЏВДЉ', '#ВЃѕв│ёВўцвдё', '#ЖИѕВўцвдё', '#в╣ёьќЅЖИ░ВЃи', '#ВБ╝в│ђвДЏВДЉ', '#вѓ┤ВБ╝в│ђвДЏВДЉ', '#ВўцВёцвАЮ', '#вЈёвЉљв┤Ѕ', '#ьЋевЇЋвДЏВДЉ', '#Вё▒Вѓ░вДЏВДЉ']"
ВаюВБ╝ ВЮИВЃЮв░ЦВДЉРађРађРађРађРађРађРађРађРађРађРађРађРађРађРађРађРађ­ЪЋџ OPEN - 11:00РађРађРађРађРађРађРађРађРађРађРађРађ­ЪЋЋ CLOSED - 17:00РађРађРађРађРађРађРађРађРађРађРађРађРађРађРађРађРађвИїваѕВЮ┤ьЂгьЃђВъё ВЌєВќ┤Вџћ.ВўѕВЋйВЮђ в░ЏВДђ ВЋіЖ│а ВўцВІювіћ ВѕюВёювїђвАю ВІЮВѓгЖ░ђвіЦ ьЋўВёИВџћ.ВІ▒ВІ▒ьЋю ьЋ┤вг╝Ж│╝ ВІаВёаьЋю ВЋ╝В▒ёвАю ЖиИвѓа Вцђв╣ёьЋю ВъгвБїЖ░ђ ВєїВДёвљўвЕ┤ ВА░ЖИ░вДѕЖ░љ ьЋЕвІѕвІц. РађРађРађРађРађРађРађРађРађРађРађРађРађРађРађРађРађРађРађРађРађРађРађРађРађРађРађРађРађРађРађРађРађРађ­ЪЦБВаёв│хьЋ┤вг╝в│ХВЮїв░Ц / Ваёв│хвг╝ьџї / Ваёв│хвћ▒ВЃѕВџ░ВъЦ ВаЋВІЮРађРађРађРађРађРађРађРађРађРађРађРађРађРађРађРађРађВѓгвіћЖ▓ївІѕвѓўвЁИ ~ РЎгВЮИВЃЮв░ЦВДЉ010-6501-5073ВБ╝Вєївіћ ВаюВБ╝ВІю ьЋювд╝ВЮЇ вгИЖхљЖИИ6 ..РађРађРађРађРађРађРађРађРађРађРађРађРађРађРађРађРађ­ЪЁ┐№ИЈ вг┤вБї Ж│хВўЂ ВБ╝В░еВъЦ ВюёВ╣ў!! .РађРађРађРађРађРађРађРађРађРађРађРађРађРађРађРађРађ­ЪџЌ ВаюВБ╝ВІю ьЋювд╝ВЮЇ ьЋювд╝вдг 1197-4­Ъџў ВаюВБ╝ВІю ьЋювд╝ВЮЇ ьЋювд╝вдг 1198-3­ЪџЎ ВаюВБ╝ВІю ьЋювд╝ВЮЇ ьЋювд╝вдг 943-9.Ж▒ИВќ┤Вёю 2вХёВЮ┤вѓ┤ Ж▒░вдгВЌљВџћ~РЎАРЎА#ВаюВБ╝ #ВаюВБ╝вЈё #ВаюВБ╝вЈёЖ┤ђЖ┤Љ #ВаюВБ╝ВёюЖиђьЈгЖ░ђв│╝вДїьЋюЖ││ #ВаюВБ╝вЈёЖ░ђв│╝вДїьЋюЖ││ #ВаюВБ╝вѓаВће #ВаюВБ╝вЈёвѓаВће #ВаюВБ╝вЈёьјюВЁў #ВаюВБ╝Ж│хьЋГ #ВаюВБ╝в╣ёьќЅЖИ░ #ВаюВБ╝вЈёв╣ёьќЅЖИ░ #ВаюВБ╝вДЏВДЉ #ВаюВБ╝вЈёвДЏВДЉ #ВаюВБ╝ВЋаВЏћвДЏВДЉ #вїђВаё #ВаюВБ╝ьўЉВъгвДЏВДЉ #ВаюВБ╝ьЋювд╝вДЏВДЉ #ВаюВБ╝вЈёВЋаВЏћвДЏВДЉ #ВаюВБ╝вЈёВё▒Вѓ░вДЏВДЉ #ВаюВБ╝вЈёьўЉВъгвДЏВДЉ #ВаюВБ╝вЈёьЋювд╝вДЏВДЉ #ВЃѕв│ёВўцвдё #ЖИѕВўцвдё #в╣ёьќЅЖИ░ВЃи #ВБ╝в│ђвДЏВДЉ #вѓ┤ВБ╝в│ђвДЏВДЉ #ВўцВёцвАЮ #вЈёвЉљв┤Ѕ #ьЋевЇЋвДЏВДЉ #Вё▒Вѓ░вДЏВДЉ,2021-08-18,1,,"['#ВаюВБ╝', '#ВаюВБ╝вЈё', '#ВаюВБ╝вЈёЖ┤ђЖ┤Љ', '#ВаюВБ╝ВёюЖиђьЈгЖ░ђв│╝вДїьЋюЖ││', '#ВаюВБ╝вЈёЖ░ђв│╝вДїьЋюЖ││', '#ВаюВБ╝вѓаВће', '#ВаюВБ╝вЈёвѓаВће', '#ВаюВБ╝вЈёьјюВЁў', '#ВаюВБ╝Ж│хьЋГ', '#ВаюВБ╝в╣ёьќЅЖИ░', '#ВаюВБ╝вЈёв╣ёьќЅЖИ░', '#ВаюВБ╝вДЏВДЉ', '#ВаюВБ╝вЈёвДЏВДЉ', '#ВаюВБ╝ВЋаВЏћвДЏВДЉ', '#вїђВаё', '#ВаюВБ╝ьўЉВъгвДЏВДЉ', '#ВаюВБ╝ьЋювд╝вДЏВДЉ', '#ВаюВБ╝вЈёВЋаВЏћвДЏВДЉ', '#ВаюВБ╝вЈёВё▒Вѓ░вДЏВДЉ', '#ВаюВБ╝вЈёьўЉВъгвДЏВДЉ', '#ВаюВБ╝вЈёьЋювд╝вДЏВДЉ', '#ВЃѕв│ёВўцвдё', '#ЖИѕВўцвдё', '#в╣ёьќЅЖИ░ВЃи', '#ВБ╝в│ђвДЏВДЉ', '#вѓ┤ВБ╝в│ђвДЏВДЉ', '#ВўцВёцвАЮ', '#вЈёвЉљв┤Ѕ', '#ьЋевЇЋвДЏВДЉ', '#Вё▒Вѓ░вДЏВДЉ']"
ВаюВБ╝ ВЮИВЃЮв░ЦВДЉРађРађРађРађРађРађРађРађРађРађРађРађРађРађРађРађРађ­ЪЋџ OPEN - 11:00РађРађРађРађРађРађРађРађРађРађРађРађ­ЪЋЋ CLOSED - 17:00РађРађРађРађРађРађРађРађРађРађРађРађРађРађРађРађРађвИїваѕВЮ┤ьЂгьЃђВъё ВЌєВќ┤Вџћ.ВўѕВЋйВЮђ в░ЏВДђ ВЋіЖ│а ВўцВІювіћ ВѕюВёювїђвАю ВІЮВѓгЖ░ђвіЦ ьЋўВёИВџћ.ВІ▒ВІ▒ьЋю ьЋ┤вг╝Ж│╝ ВІаВёаьЋю ВЋ╝В▒ёвАю ЖиИвѓа Вцђв╣ёьЋю ВъгвБїЖ░ђ ВєїВДёвљўвЕ┤ ВА░ЖИ░вДѕЖ░љ ьЋЕвІѕвІц. РађРађРађРађРађРађРађРађРађРађРађРађРађРађРађРађРађРађРађРађРађРађРађРађРађРађРађРађРађРађРађРађРађРађ­ЪЦБВаёв│хьЋ┤вг╝в│ХВЮїв░Ц / Ваёв│хвг╝ьџї / Ваёв│хвћ▒ВЃѕВџ░ВъЦ ВаЋВІЮРађРађРађРађРађРађРађРађРађРађРађРађРађРађРађРађРађВѓгвіћЖ▓ївІѕвѓўвЁИ ~ РЎгВЮИВЃЮв░ЦВДЉ010-6501-5073ВБ╝Вєївіћ ВаюВБ╝ВІю ьЋювд╝ВЮЇ вгИЖхљЖИИ6 ..РађРађРађРађРађРађРађРађРађРађРађРађРађРађРађРађРађ­ЪЁ┐№ИЈ вг┤вБї Ж│хВўЂ ВБ╝В░еВъЦ ВюёВ╣ў!! .РађРађРађРађРађРађРађРађРађРађРађРађРађРађРађРађРађ­ЪџЌ ВаюВБ╝ВІю ьЋювд╝ВЮЇ ьЋювд╝вдг 1197-4­Ъџў ВаюВБ╝ВІю ьЋювд╝ВЮЇ ьЋювд╝вдг 1198-3­ЪџЎ ВаюВБ╝ВІю ьЋювд╝ВЮЇ ьЋювд╝вдг 943-9.Ж▒ИВќ┤Вёю 2вХёВЮ┤вѓ┤ Ж▒░вдгВЌљВџћ~РЎАРЎА#ВаюВБ╝ #ВаюВБ╝вЈё #ВаюВБ╝вЈёЖ┤ђЖ┤Љ #ВаюВБ╝ВёюЖиђьЈгЖ░ђв│╝вДїьЋюЖ││ #ВаюВБ╝вЈёЖ░ђв│╝вДїьЋюЖ││ #ВаюВБ╝вѓаВће #ВаюВБ╝вЈёвѓаВће #ВаюВБ╝вЈёьјюВЁў #ВаюВБ╝Ж│хьЋГ #ВаюВБ╝в╣ёьќЅЖИ░ #ВаюВБ╝вЈёв╣ёьќЅЖИ░ #ВаюВБ╝вДЏВДЉ #ВаюВБ╝вЈёвДЏВДЉ #ВаюВБ╝ВЋаВЏћвДЏВДЉ #ВаюВБ╝Вё▒Вѓ░вДЏВДЉ #ВаюВБ╝ьўЉВъгвДЏВДЉ #ВаюВБ╝ьЋювд╝вДЏВДЉ #ВаюВБ╝вЈёВЋаВЏћвДЏВДЉ #ВаюВБ╝вЈёВё▒Вѓ░вДЏВДЉ #ВаюВБ╝вЈёьўЉВъгвДЏВДЉ #ВаюВБ╝вЈёьЋювд╝вДЏВДЉ #ВЃѕв│ёВўцвдё #ЖИѕВўцвдё #в╣ёьќЅЖИ░ВЃи #ВБ╝в│ђвДЏВДЉ #вѓ┤ВБ╝в│ђвДЏВДЉ #ВўцВёцвАЮ #вЈёвЉљв┤Ѕ #ьЋевЇЋвДЏВДЉ #Вё▒Вѓ░вДЏВДЉ,2021-08-18,4,,"['#ВаюВБ╝', '#ВаюВБ╝вЈё', '#ВаюВБ╝вЈёЖ┤ђЖ┤Љ', '#ВаюВБ╝ВёюЖиђьЈгЖ░ђв│╝вДїьЋюЖ││', '#ВаюВБ╝вЈёЖ░ђв│╝вДїьЋюЖ││', '#ВаюВБ╝вѓаВће', '#ВаюВБ╝вЈёвѓаВће', '#ВаюВБ╝вЈёьјюВЁў', '#ВаюВБ╝Ж│хьЋГ', '#ВаюВБ╝в╣ёьќЅЖИ░', '#ВаюВБ╝вЈёв╣ёьќЅЖИ░', '#ВаюВБ╝вДЏВДЉ', '#ВаюВБ╝вЈёвДЏВДЉ', '#ВаюВБ╝ВЋаВЏћвДЏВДЉ', '#ВаюВБ╝Вё▒Вѓ░вДЏВДЉ', '#ВаюВБ╝ьўЉВъгвДЏВДЉ', '#ВаюВБ╝ьЋювд╝вДЏВДЉ', '#ВаюВБ╝вЈёВЋаВЏћвДЏВДЉ', '#ВаюВБ╝вЈёВё▒Вѓ░вДЏВДЉ', '#ВаюВБ╝вЈёьўЉВъгвДЏВДЉ', '#ВаюВБ╝вЈёьЋювд╝вДЏВДЉ', '#ВЃѕв│ёВўцвдё', '#ЖИѕВўцвдё', '#в╣ёьќЅЖИ░ВЃи', '#ВБ╝в│ђвДЏВДЉ', '#вѓ┤ВБ╝в│ђвДЏВДЉ', '#ВўцВёцвАЮ', '#вЈёвЉљв┤Ѕ', '#ьЋевЇЋвДЏВДЉ', '#Вё▒Вѓ░вДЏВДЉ']"
ВаюВБ╝ ВЮИВЃЮв░ЦВДЉРађРађРађРађРађРађРађРађРађРађРађРађРађРађРађРађРађ­ЪЋџ OPEN - 11:00РађРађРађРађРађРађРађРађРађРађРађРађ­ЪЋЋ CLOSED - 17:00РађРађРађРађРађРађРађРађРађРађРађРађРађРађРађРађРађвИїваѕВЮ┤ьЂгьЃђВъё ВЌєВќ┤Вџћ.ВўѕВЋйВЮђ в░ЏВДђ ВЋіЖ│а ВўцВІювіћ ВѕюВёювїђвАю ВІЮВѓгЖ░ђвіЦ ьЋўВёИВџћ.ВІ▒ВІ▒ьЋю ьЋ┤вг╝Ж│╝ ВІаВёаьЋю ВЋ╝В▒ёвАю ЖиИвѓа Вцђв╣ёьЋю ВъгвБїЖ░ђ ВєїВДёвљўвЕ┤ ВА░ЖИ░вДѕЖ░љ ьЋЕвІѕвІц. РађРађРађРађРађРађРађРађРађРађРађРађРађРађРађРађРађРађРађРађРађРађРађРађРађРађРађРађРађРађРађРађРађРађ­ЪЦБВаёв│хьЋ┤вг╝в│ХВЮїв░Ц / Ваёв│хвг╝ьџї / Ваёв│хвћ▒ВЃѕВџ░ВъЦ ВаЋВІЮРађРађРађРађРађРађРађРађРађРађРађРађРађРађРађРађРађВѓгвіћЖ▓ївІѕвѓўвЁИ ~ РЎгВЮИВЃЮв░ЦВДЉ010-6501-5073ВБ╝Вєївіћ ВаюВБ╝ВІю ьЋювд╝ВЮЇ вгИЖхљЖИИ6 ..РађРађРађРађРађРађРађРађРађРађРађРађРађРађРађРађРађ­ЪЁ┐№ИЈ вг┤вБї Ж│хВўЂ ВБ╝В░еВъЦ ВюёВ╣ў!! .РађРађРађРађРађРађРађРађРађРађРађРађРађРађРађРађРађ­ЪџЌ ВаюВБ╝ВІю ьЋювд╝ВЮЇ ьЋювд╝вдг 1197-4­Ъџў ВаюВБ╝ВІю ьЋювд╝ВЮЇ ьЋювд╝вдг 1198-3­ЪџЎ ВаюВБ╝ВІю ьЋювд╝ВЮЇ ьЋювд╝вдг 943-9.Ж▒ИВќ┤Вёю 2вХёВЮ┤вѓ┤ Ж▒░вдгВЌљВџћ~РЎАРЎА#ВаюВБ╝вЈёвДЏВДЉ #ВаюВБ╝вЈёвѓаВће #ВаюВБ╝вЈёьЋГЖ│хЖХї #ВаюВБ╝вЈёваїьіИВ╣┤ #ВаюВБ╝ВЋаВЏћвДЏВДЉ #ВаюВБ╝вЈёВДђвЈё #ВаюВБ╝Ж│хьЋГЖи╝В▓ўвДЏВДЉ #ВаюВБ╝вДЏВДЉ #ВаюВБ╝вЈёЖ┤ђЖ┤Љ #ВаюВБ╝вЈёЖ░ђв│╝вДїьЋюЖ││ #ВаюВБ╝вЈёВѕЎВєї #ВаюВБ╝вЈёЖ▓їВіцьіИьЋўВџ░Віц #ВаюВБ╝Вё▒Вѓ░вДЏВДЉ #ВаюВБ╝ВІювДЏВДЉ #ВаюВБ╝ВцЉвгИвДЏВДЉ #ВаюВБ╝вЈёвДЏВДЉвдгВіцьіИ #ВаюВБ╝вЈёвДЏВДЉВДђвЈё #ВаюВБ╝вЈёвДЏВДЉВХћВ▓ю #ВаюВБ╝вЈё #ВаюВБ╝вДЏВДЉВХћВ▓ю #ВЋаВЏћвДЏВДЉ #ьўЉВъгвДЏВДЉ #ьЋювд╝вДЏВДЉ #ьўЉВъгьЋ┤ВѕўВџЋВъЦ #ВЃѕв│ёВўцвдё #ЖИѕВўцвдё #ьЋ┤Вџ┤вїђвДЏВДЉ #ВёюЖиђьЈгвДЏВДЉ #ВаюВБ╝вЈЎвгИВІюВъЦ #ВўцВёцвАЮ,2021-08-18,5,,"['#ВаюВБ╝вЈёвДЏВДЉ', '#ВаюВБ╝вЈёвѓаВће', '#ВаюВБ╝вЈёьЋГЖ│хЖХї', '#ВаюВБ╝вЈёваїьіИВ╣┤', '#ВаюВБ╝ВЋаВЏћвДЏВДЉ', '#ВаюВБ╝вЈёВДђвЈё', '#ВаюВБ╝Ж│хьЋГЖи╝В▓ўвДЏВДЉ', '#ВаюВБ╝вДЏВДЉ', '#ВаюВБ╝вЈёЖ┤ђЖ┤Љ', '#ВаюВБ╝вЈёЖ░ђв│╝вДїьЋюЖ││', '#ВаюВБ╝вЈёВѕЎВєї', '#ВаюВБ╝вЈёЖ▓їВіцьіИьЋўВџ░Віц', '#ВаюВБ╝Вё▒Вѓ░вДЏВДЉ', '#ВаюВБ╝ВІювДЏВДЉ', '#ВаюВБ╝ВцЉвгИвДЏВДЉ', '#ВаюВБ╝вЈёвДЏВДЉвдгВіцьіИ', '#ВаюВБ╝вЈёвДЏВДЉВДђвЈё', '#ВаюВБ╝вЈёвДЏВДЉВХћВ▓ю', '#ВаюВБ╝вЈё', '#ВаюВБ╝вДЏВДЉВХћВ▓ю', '#ВЋаВЏћвДЏВДЉ', '#ьўЉВъгвДЏВДЉ', '#ьЋювд╝вДЏВДЉ', '#ьўЉВъгьЋ┤ВѕўВџЋВъЦ', '#ВЃѕв│ёВўцвдё', '#ЖИѕВўцвдё', '#ьЋ┤Вџ┤вїђвДЏВДЉ', '#ВёюЖиђьЈгвДЏВДЉ', '#ВаюВБ╝вЈЎвгИВІюВъЦ', '#ВўцВёцвАЮ']"
ВџЕвеИвдгьЋ┤ВЋѕ­ЪљЅ...ВаюВБ╝вЈё Ж░ђвЕ┤ вДевѓа вІцВЮ┤в╣ЎвДї ьЋўвІцЖ░ђЖ┤ђЖ┤ЉвЈё ьЋўвІѕ ВД▒ ВбІВЋўВЮї­Ъўў..#ВўцвіўВЋёвІўВБ╝ВЮў #ВаюВБ╝вЈёВЌгьќЅ #ВаюВБ╝вЈёЖ┤ђЖ┤Љ #ВџЕвеИвдгьЋ┤ВЋѕ #ВЌгьќЅВіцьЃђЖиИвъе #вХђвХђВіцьЃђЖиИвъе­ЪњЈ,2021-08-18,42,ВџЕвеИвдгьЋ┤ВЋѕ,"['#ВўцвіўВЋёвІўВБ╝ВЮў', '#ВаюВБ╝вЈёВЌгьќЅ', '#ВаюВБ╝вЈёЖ┤ђЖ┤Љ', '#ВџЕвеИвдгьЋ┤ВЋѕ', '#ВЌгьќЅВіцьЃђЖиИвъе', '#вХђвХђВіцьЃђЖиИвъе­ЪњЈ']"
#ВѓгВДёьЋюВъћВЮўВЌгВюаВаюВБ╝ВІюЖ│еВЌљ Вќ┤віљ ьЋю В╣┤ьјўВЮ╝Ж▒░Ж░ЎВДђвДї вДѕВЮёВЌљ ьЋю ЖхгВўЦьїївъђьЋўвіўВЌљ ьїївъђВДђвХЋВЮё в│┤Ж│аВъѕВю╝вІѕВБёВєАьЋўЖ▓ївЈё ВЁћьё░вЦ╝ вѕёвЦ┤Ж│а вДљВЋўвІцРађРађ,2021-08-18,,ВаюВБ╝ьі╣в│ёВъљВ╣ўвЈё ЖхгВбїВЮЇ ьќЅВЏљвдг,['#ВѓгВДёьЋюВъћВЮўВЌгВюаВаюВБ╝ВІюЖ│еВЌљ']
#ВаюВБ╝Вѓ┤ВЮ┤вЂЮРў║№ИЈ #ВдљЖ▒░Вџ┤ВІюЖ░ё­ЪјХ #ВаюВБ╝вЈёьЋювІгВѓ┤ЖИ░ #ВЮ┤ьўИьЁїВџ░ #ВаюВБ╝в░ћвІц #в░ћвІц #ВаюВБ╝ #вѓ┤ВЮ╝вќавѓўВџћ #ВаюВБ╝вЈё #jejuweather #ВаюВБ╝вЈёвѓаВће #ВаюВБ╝вѓаВће #ВЎёвЈёв░░ьјИ #ВІцв▓ёьЂ┤вЮ╝Вџ░вЊюьўИ­ЪЏ│ #ВаюВБ╝вЈёВЋѕвЁЋ #ВЮ┤ВаюВёюВџИвАюЖ░ђВъљ #ВдљЖ▒░ВЏавІц #вІцВІюВўгЖ▓ї #ВаюВБ╝вЈёЖ┤ђЖ┤Љ #вЈёвЉљв┤Ѕ #вЈёвЉљв┤ЅВўцвдё #ВЮ┤ьўИьЁїВџ░вфЕвДѕвЊ▒вїђ­Ъдё,2021-08-18,14,,"['#ВаюВБ╝Вѓ┤ВЮ┤вЂЮРў║№ИЈ', '#ВдљЖ▒░Вџ┤ВІюЖ░ё­ЪјХ', '#ВаюВБ╝вЈёьЋювІгВѓ┤ЖИ░', '#ВЮ┤ьўИьЁїВџ░', '#ВаюВБ╝в░ћвІц', '#в░ћвІц', '#ВаюВБ╝', '#вѓ┤ВЮ╝вќавѓўВџћ', '#ВаюВБ╝вЈё', '#jejuweather', '#ВаюВБ╝вЈёвѓаВће', '#ВаюВБ╝вѓаВће', '#ВЎёвЈёв░░ьјИ', '#ВІцв▓ёьЂ┤вЮ╝Вџ░вЊюьўИ­ЪЏ│', '#ВаюВБ╝вЈёВЋѕвЁЋ', '#ВЮ┤ВаюВёюВџИвАюЖ░ђВъљ', '#ВдљЖ▒░ВЏавІц', '#вІцВІюВўгЖ▓ї', '#ВаюВБ╝вЈёЖ┤ђЖ┤Љ', '#вЈёвЉљв┤Ѕ', '#вЈёвЉљв┤ЅВўцвдё', '#ВЮ┤ьўИьЁїВџ░вфЕвДѕвЊ▒вїђ­Ъдё']"
ВъљВЌ░ВЮё ВѓгвъЉьЋўВДђвДї Вѓ┤ Вѕўвіћ ВЌєВќ┤Вџћ #вѓўвіћВЋ╝вЈёВІюВЮИ #ьўёВБ╝xВаюВБ╝,2021-08-18,27,Вё▒Вѓ░ВЮ╝ВХюв┤Ѕ,"['#вѓўвіћВЋ╝вЈёВІюВЮИ', '#ьўёВБ╝xВаюВБ╝']"
-вЈЎв░▒ьѓцВ╣ю ВєЇ ВъЉВЮђЖ░љВё▒ ВЋЁВёИВѓгвдг­ЪДАвЈЎв░▒ВЃЙ­ЪДАВЌгвдёВЌљ ВеЇьЋюВЃЅВЃЂВ╗гвЪгвАю ВЮИЖИ░ВъѕВЌѕвЇўВІцв▓ёВЏљВёЮв░ўВДђ Ж░ђВЮёьєцВю╝вАюВЃЅВЃЂвІцВџ┤вљўВёю вѓўВЎћВќ┤Вџћ­ЪЎіВўцвгўьЋюВЃЅВЃЂ вёѕвг┤Вўѕв╗љВџћРюеЖхгЖ▓йВўцВёИВџћ­ЪЉђвЈЎв░▒ВЃЙ в░ўВДђ вфевЉљ ВЮђ 92.5%вАю ВІцв▓ёВаюьњѕВъЁвІѕвІц.@jeju_dongbaek_kitchen вЈЎв░▒ьѓцВ╣ю ВєЇ ВъЉВЮђЖ░љВё▒ВЋЁВёИВѓгвдгВЃЙРюеВўЂВЌЁВІюЖ░ёВЮђ вЈЎв░▒ьѓцВ╣юЖ│╝ Ж░ЎВЋёВџћ!Open 11:00Close 20:00вфЕВџћВЮ╝ВЮђ ью┤вг┤ВъЁвІѕвІц.вЕћвЅ┤ЖИ░вІцвдгВІювіћ вЈЎВЋѕ ЖхгЖ▓йьЋўЖИ░вЈё ВбІВЋёВџћ­Ъўі--#ВаюВБ╝вЈё #ВаюВБ╝ВёюВфй #ьЋювд╝ #ьўЉВъг #ВЋаВЏћ #ВаюВБ╝Ж░ђв│╝вДїьЋюЖ││ #ВаюВБ╝вЈёЖ┤ђЖ┤Љ#ьўЉВъгьЋ┤ВѕўВџЋВъЦ #ЖИѕвіЦьЋ┤ВѕўВџЋВъЦ #Ж░љВё▒Вєїьњѕ #Ж░љВё▒ #ВЋЁВёИВѓгвдг #вЈЎв░▒ьѓцВ╣ю #ьїїВіцьЃђвДЏВДЉ #ьЋювд╝вДЏВДЉ #ВаюВБ╝вЈёв»╝вДЏВДЉ #ВЮ┤Вќ┤вДЂ #ЖиђЖ▒ИВЮ┤ #в░ўВДђ #ВЏљВёЮв░ўВДђ #ВЏљВёЮЖиђЖ▒ИВЮ┤ #ВІцв▓ёВЋЁВёИВѓгвдг #ВІцв▓ё925 #Ж░љВё▒ВЃЙ #ьћёвъЉВіцВѓ░ #ВЁђвБ░вАюВўцВдѕ#ВЁђвБ░вАюВўцВіц #ВДЉЖ▓їьЋђ #ВіцьЃђВЮ╝вДЂ #ootd,2021-08-18,15,ВаюВБ╝вЈё ьЋювд╝,"['#ВаюВБ╝вЈё', '#ВаюВБ╝ВёюВфй', '#ьЋювд╝', '#ьўЉВъг', '#ВЋаВЏћ', '#ВаюВБ╝Ж░ђв│╝вДїьЋюЖ││', '#ВаюВБ╝вЈёЖ┤ђЖ┤Љ', '#ьўЉВъгьЋ┤ВѕўВџЋВъЦ', '#ЖИѕвіЦьЋ┤ВѕўВџЋВъЦ', '#Ж░љВё▒Вєїьњѕ', '#Ж░љВё▒', '#ВЋЁВёИВѓгвдг', '#вЈЎв░▒ьѓцВ╣ю', '#ьїїВіцьЃђвДЏВДЉ', '#ьЋювд╝вДЏВДЉ', '#ВаюВБ╝вЈёв»╝вДЏВДЉ', '#ВЮ┤Вќ┤вДЂ', '#ЖиђЖ▒ИВЮ┤', '#в░ўВДђ', '#ВЏљВёЮв░ўВДђ', '#ВЏљВёЮЖиђЖ▒ИВЮ┤', '#ВІцв▓ёВЋЁВёИВѓгвдг', '#ВІцв▓ё925', '#Ж░љВё▒ВЃЙ', '#ьћёвъЉВіцВѓ░', '#ВЁђвБ░вАюВўцВдѕ', '#ВЁђвБ░вАюВўцВіц', '#ВДЉЖ▓їьЋђ', '#ВіцьЃђВЮ╝вДЂ', '#ootd']"
ВёгВЮ┤ в│┤ВЮ┤віћ ВаюВБ╝ ВЋъв░ћвІцВЌљВёюВ╗цьћ╝ ьЋюВъћВЮў ВЌгВюавЦ╝РўЋ№ИЈРађ­ЪЊи Ж░љв»ИвАГвІц ВаюВБ╝https://blog.naver.com/junghye777/222324530082Рађ,2021-08-18,41,ВёюЖиђьЈг в▓ЋьЎўьЈгЖхг,[]
в▓ЋьЎў в░ћвІцВЌљВёю в░ћвъї віљвЂ╝ЖИ░­ЪїфРађ­ЪЊи jeju._.raniРађ,2021-08-18,0,ВёюЖиђьЈг в▓ЋьЎўьЈгЖхг,[]
ВѓгЖ│ё в░ћвІцВЌљ в░ћвъї вХѕвЇў вѓа­ЪЎѓРађ­ЪЊи ВюцВігhttps://blog.naver.com/shaeju/221653739750Рађ,2021-08-18,0,ВаюВБ╝ ВѓгЖ│ёьЋ┤в│ђ,[]
ВџИьЃђвдг ВюёВЌљВЋёВігВЋёВігьЋўЖ▓ї вєЊВЌгВДё ьўёвг┤ВЋћРађвѕёЖ░ђ ВїЊВЋё вєЊВЮђ Ж▒ИЖ╣ї­ЪцћРађ­ЪЊи вБеВІюhttps://blog.naver.com/jhj8637/222391173663Рађ,2021-08-18,32,ВаюВБ╝ ВѓгЖ│ёьЋ┤в│ђ,[]
ьЋўвЈёВЌљВёю ВёИьЎћ Ж░ђвіћ ЖИИРађвѕѕ вѓ┤вд░ ьЋювЮ╝Вѓ░ВЮ┤ в│┤ВЮ┤віћЖ▓еВџИ вЊювЮ╝ВЮ┤вИї­ЪџЌРађ­ЪЊи веИВІювИћвБеhttps://blog.naver.com/mercyblu/222274325129Рађ,2021-08-18,0,,[]
"ьЋўвЈёвДѕВЮё в░ћвдЄВъАВЮ┤ В▓┤ьЌўВЮё ВєїЖ░юьЋЕвІѕвІц­ЪЎїРађв░ћвдЄВъАВЮ┤въђВќЋВЮђ в░ћвІиЖ░ђВЌљВёюв│┤вДљ, Ж▒░вХЂВєљ, Ж▓ї, Вѓ┐Ж░ЊВА░Ж░ю, вћ░Ж░юв╣ё, В▓ГЖ░Ђ вЊ▒ВЮёВъАвіћ ьќЅВюёвЦ╝ ВЮ╝В╗Фвіћ ВѕюВѕў ВаюВБ╝Вќ┤ВъЁвІѕвІц.РађВќЋВЮђ в░ћвІцВЌљВёю В▒ёВиеЖ░ђ Ж░ђвіЦьЋ┤Вќ┤вд░ ВЋёВЮ┤вЊцвЈё ВєљВЅйЖ▓ї ВдљЖИИ Вѕў ВъѕвІхвІѕвІц­ЪўЃРађВЌгвдёВЮ┤ Ж░ђЖИ░ ВаёВўе Ж░ђВА▒ВЮ┤ ьЋеЖ╗ў в░ћвдЄВъАВЮ┤вЦ╝ ВдљЖ▓ев│┤ВёИВџћ­ЪўєРађьЋ┤вЁђВ▓┤ьЌў ВІюв░ћвдЄВъАВЮ┤ В▓┤ьЌўВЮ┤ вг┤вБї!Рађ",2021-08-18,30,ьЋўвЈёВќ┤В┤їЖ│ё,[]
#вЁИьўЋВѕўьЇ╝вДѕВ╝Ў YouTube в│┤Ж│а в░░Вџ┤ ВІцваЦ ­ЪЉЈ­ЪЈ╗В╣ГВ░гьЋЕвІѕвІц.,2021-08-18,74,Jeju-do,['#вЁИьўЋВѕўьЇ╝вДѕВ╝Ў']
­ЪЎЈ7/22-9/30 ВъёВІюью┤ВъЦВЮё ВДёьќЅьЋўВўцвІѕ в░ЕвгИВІю В░ИЖ│а вХђьЃЂвЊювдйвІѕвІц!#ВаюВБ╝ #ьЃљвѓўвЮ╝Ж│хьЎћЖхГ,2021-08-18,16,ВаюВБ╝ьЃљвѓўвЮ╝Ж│хьЎћЖхГ,"['#ВаюВБ╝', '#ьЃљвѓўвЮ╝Ж│хьЎћЖхГ']"
"сєЇВЌгвЪг в▓ѕВЮў ьЎћВѓ░ ьЈГв░ювАю вДївЊцВќ┤ВДё 368Ж░юВЮў Вўцвдё.Ваё ВёИЖ│ёВЌљВёю Ж░ђВъЦ вюеЖ▒░Вџ┤ вЋЁ ВаюВБ╝.Вађвіћ ВЮ┤Ж││ВЌљВёю ВЮ┤ВЋ╝ЖИ░вЦ╝ ВаёьЋўвіћ ВА░ьЋюВЮ╝ вЈёВіеьіИВъЁвІѕвІц.Ж▓ЅВю╝вАю в│╝ вЋївіћ в│┤ьєхВЮў Вѓ░В▓ўвЪ╝ в│┤ВЮ╝ВДђ вф░вЮ╝вЈё,ВєЇВЮё вЊцВЌгвІцв│┤вЕ┤ вХёьЎћЖхгЖ░ђ ьј╝В│љВДђвЕ░ ВўцвдёВЮў вўљ вІцвЦИ вДцваЦВЮ┤ вѓўьЃђвѓЕвІѕвІц.Ж▓ЅЖ│╝ ВєЇВЮ┤ вІцвЦИ Ж││. ЖиИЖ││ВЮ┤ в░ћвАю ВўцвдёВъЁвІѕвІц.вћ░вАю вўљ Ж░ЎВЮ┤.Вўцвдё вЈёВіеьіИ ьѕгВќ┤ ВєЇВЌљВёю ьЋўвѓў вЉў В╣юЖхгЖ░ђ вљўЖ│аВаюВБ╝ВЮў ВъљВЌ░Ж│╝ ьЋю вфИВЮ┤ вљЕвІѕвІц.ВЃЂВЃЂьЋўВДђ вф╗ьќѕвЇў ВІав╣ёвАюВџ┤ ВІюЖ░ёВЮ┤в░ћвАю ВЌгЖИ░, ВўцвдёВЌљВёю ВІюВъЉвљЕвІѕвІц.",2021-08-18,100,ЖИѕВўцвдё,[]
ВаюВБ╝ ВЮИВЃЮв░ЦВДЉРађРађРађРађРађРађРађРађРађРађРађРађРађРађРађРађРађ­ЪЋџ OPEN - 11:00РађРађРађРађРађРађРађРађРађРађРађРађ­ЪЋЋ CLOSED - 17:00РађРађРађРађРађРађРађРађРађРађРађРађРађРађРађРађРађвИїваѕВЮ┤ьЂгьЃђВъё ВЌєВќ┤Вџћ.ВўѕВЋйВЮђ в░ЏВДђ ВЋіЖ│а ВўцВІювіћ ВѕюВёювїђвАю ВІЮВѓгЖ░ђвіЦ ьЋўВёИВџћ.ВІ▒ВІ▒ьЋю ьЋ┤вг╝Ж│╝ ВІаВёаьЋю ВЋ╝В▒ёвАю ЖиИвѓа Вцђв╣ёьЋю ВъгвБїЖ░ђ ВєїВДёвљўвЕ┤ ВА░ЖИ░вДѕЖ░љ ьЋЕвІѕвІц. РађРађРађРађРађРађРађРађРађРађРађРађРађРађРађРађРађРађРађРађРађРађРађРађРађРађРађРађРађРађРађРађРађРађ­ЪЦБВаёв│хьЋ┤вг╝в│ХВЮїв░Ц / Ваёв│хвг╝ьџї / Ваёв│хвћ▒ВЃѕВџ░ВъЦ ВаЋВІЮРађРађРађРађРађРађРађРађРађРађРађРађРађРађРађРађРађВѓгвіћЖ▓ївІѕвѓўвЁИ ~ РЎгВЮИВЃЮв░ЦВДЉ010-6501-5073ВБ╝Вєївіћ ВаюВБ╝ВІю ьЋювд╝ВЮЇ вгИЖхљЖИИ6 ..РађРађРађРађРађРађРађРађРађРађРађРађРађРађРађРађРађ­ЪЁ┐№ИЈ вг┤вБї Ж│хВўЂ ВБ╝В░еВъЦ ВюёВ╣ў!! .РађРађРађРађРађРађРађРађРађРађРађРађРађРађРађРађРађ­ЪџЌ ВаюВБ╝ВІю ьЋювд╝ВЮЇ ьЋювд╝вдг 1197-4­Ъџў ВаюВБ╝ВІю ьЋювд╝ВЮЇ ьЋювд╝вдг 1198-3­ЪџЎ ВаюВБ╝ВІю ьЋювд╝ВЮЇ ьЋювд╝вдг 943-9.Ж▒ИВќ┤Вёю 2вХёВЮ┤вѓ┤ Ж▒░вдгВЌљВџћ~РЎАРЎА#ВаюВБ╝ #ВаюВБ╝вЈё #ВаюВБ╝вЈёЖ┤ђЖ┤Љ #ВаюВБ╝ВёюЖиђьЈгЖ░ђв│╝вДїьЋюЖ││ #ВаюВБ╝вЈёЖ░ђв│╝вДїьЋюЖ││ #ВаюВБ╝вѓаВће #ВаюВБ╝вЈёвѓаВће #ВаюВБ╝вЈёьјюВЁў #ВаюВБ╝Ж│хьЋГ #ВаюВБ╝в╣ёьќЅЖИ░ #ВаюВБ╝вЈёв╣ёьќЅЖИ░ #ВаюВБ╝вДЏВДЉ #ВаюВБ╝вЈёвДЏВДЉ #ВаюВБ╝ВЋаВЏћвДЏВДЉ #В▓ГВБ╝ #ВаюВБ╝ьўЉВъгвДЏВДЉ #ВаюВБ╝ьЋювд╝вДЏВДЉ #ВаюВБ╝вЈёВЋаВЏћвДЏВДЉ #ВаюВБ╝вЈёВё▒Вѓ░вДЏВДЉ #ВаюВБ╝вЈёьўЉВъгвДЏВДЉ #ВаюВБ╝вЈёьЋювд╝вДЏВДЉ #ВЃѕв│ёВўцвдё #ЖИѕВўцвдё #в╣ёьќЅЖИ░ВЃи #ВБ╝в│ђвДЏВДЉ #вѓ┤ВБ╝в│ђвДЏВДЉ #ВўцВёцвАЮ #вЈёвЉљв┤Ѕ #ьЋевЇЋвДЏВДЉ #Вё▒Вѓ░вДЏВДЉ,2021-08-17,6,,"['#ВаюВБ╝', '#ВаюВБ╝вЈё', '#ВаюВБ╝вЈёЖ┤ђЖ┤Љ', '#ВаюВБ╝ВёюЖиђьЈгЖ░ђв│╝вДїьЋюЖ││', '#ВаюВБ╝вЈёЖ░ђв│╝вДїьЋюЖ││', '#ВаюВБ╝вѓаВће', '#ВаюВБ╝вЈёвѓаВће', '#ВаюВБ╝вЈёьјюВЁў', '#ВаюВБ╝Ж│хьЋГ', '#ВаюВБ╝в╣ёьќЅЖИ░', '#ВаюВБ╝вЈёв╣ёьќЅЖИ░', '#ВаюВБ╝вДЏВДЉ', '#ВаюВБ╝вЈёвДЏВДЉ', '#ВаюВБ╝ВЋаВЏћвДЏВДЉ', '#В▓ГВБ╝', '#ВаюВБ╝ьўЉВъгвДЏВДЉ', '#ВаюВБ╝ьЋювд╝вДЏВДЉ', '#ВаюВБ╝вЈёВЋаВЏћвДЏВДЉ', '#ВаюВБ╝вЈёВё▒Вѓ░вДЏВДЉ', '#ВаюВБ╝вЈёьўЉВъгвДЏВДЉ', '#ВаюВБ╝вЈёьЋювд╝вДЏВДЉ', '#ВЃѕв│ёВўцвдё', '#ЖИѕВўцвдё', '#в╣ёьќЅЖИ░ВЃи', '#ВБ╝в│ђвДЏВДЉ', '#вѓ┤ВБ╝в│ђвДЏВДЉ', '#ВўцВёцвАЮ', '#вЈёвЉљв┤Ѕ', '#ьЋевЇЋвДЏВДЉ', '#Вё▒Вѓ░вДЏВДЉ']"
ВаюВБ╝ ВЮИВЃЮв░ЦВДЉРађРађРађРађРађРађРађРађРађРађРађРађРађРађРађРађРађ­ЪЋџ OPEN - 11:00РађРађРађРађРађРађРађРађРађРађРађРађ­ЪЋЋ CLOSED - 17:00РађРађРађРађРађРађРађРађРађРађРађРађРађРађРађРађРађвИїваѕВЮ┤ьЂгьЃђВъё ВЌєВќ┤Вџћ.ВўѕВЋйВЮђ в░ЏВДђ ВЋіЖ│а ВўцВІювіћ ВѕюВёювїђвАю ВІЮВѓгЖ░ђвіЦ ьЋўВёИВџћ.ВІ▒ВІ▒ьЋю ьЋ┤вг╝Ж│╝ ВІаВёаьЋю ВЋ╝В▒ёвАю ЖиИвѓа Вцђв╣ёьЋю ВъгвБїЖ░ђ ВєїВДёвљўвЕ┤ ВА░ЖИ░вДѕЖ░љ ьЋЕвІѕвІц. РађРађРађРађРађРађРађРађРађРађРађРађРађРађРађРађРађРађРађРађРађРађРађРађРађРађРађРађРађРађРађРађРађРађ­ЪЦБВаёв│хьЋ┤вг╝в│ХВЮїв░Ц / Ваёв│хвг╝ьџї / Ваёв│хвћ▒ВЃѕВџ░ВъЦ ВаЋВІЮРађРађРађРађРађРађРађРађРађРађРађРађРађРађРађРађРађВѓгвіћЖ▓ївІѕвѓўвЁИ ~ РЎгВЮИВЃЮв░ЦВДЉ010-6501-5073ВБ╝Вєївіћ ВаюВБ╝ВІю ьЋювд╝ВЮЇ вгИЖхљЖИИ6 ..РађРађРађРађРађРађРађРађРађРађРађРађРађРађРађРађРађ­ЪЁ┐№ИЈ вг┤вБї Ж│хВўЂ ВБ╝В░еВъЦ ВюёВ╣ў!! .РађРађРађРађРађРађРађРађРађРађРађРађРађРађРађРађРађ­ЪџЌ ВаюВБ╝ВІю ьЋювд╝ВЮЇ ьЋювд╝вдг 1197-4­Ъџў ВаюВБ╝ВІю ьЋювд╝ВЮЇ ьЋювд╝вдг 1198-3­ЪџЎ ВаюВБ╝ВІю ьЋювд╝ВЮЇ ьЋювд╝вдг 943-9.Ж▒ИВќ┤Вёю 2вХёВЮ┤вѓ┤ Ж▒░вдгВЌљВџћ~РЎАРЎА#ВаюВБ╝ #ВаюВБ╝вЈё #ВаюВБ╝вЈёЖ┤ђЖ┤Љ #ВаюВБ╝ВёюЖиђьЈгЖ░ђв│╝вДїьЋюЖ││ #ВаюВБ╝вЈёЖ░ђв│╝вДїьЋюЖ││ #ВаюВБ╝вѓаВће #ВаюВБ╝вЈёвѓаВће #ВаюВБ╝вЈёьјюВЁў #ВаюВБ╝Ж│хьЋГ #ВаюВБ╝в╣ёьќЅЖИ░ #ВаюВБ╝вЈёв╣ёьќЅЖИ░ #ВаюВБ╝вДЏВДЉ #ВаюВБ╝вЈёвДЏВДЉ #ВаюВБ╝ВЋаВЏћвДЏВДЉ #Ж┤ЉВБ╝ #ВаюВБ╝ьўЉВъгвДЏВДЉ #ВаюВБ╝ьЋювд╝вДЏВДЉ #ВаюВБ╝вЈёВЋаВЏћвДЏВДЉ #ВаюВБ╝вЈёВё▒Вѓ░вДЏВДЉ #ВаюВБ╝вЈёьўЉВъгвДЏВДЉ #ВаюВБ╝вЈёьЋювд╝вДЏВДЉ #ВЃѕв│ёВўцвдё #ЖИѕВўцвдё #в╣ёьќЅЖИ░ВЃи #ВБ╝в│ђвДЏВДЉ #вѓ┤ВБ╝в│ђвДЏВДЉ #ВўцВёцвАЮ #вЈёвЉљв┤Ѕ #ьЋевЇЋвДЏВДЉ #Вё▒Вѓ░вДЏВДЉ,2021-08-17,3,,"['#ВаюВБ╝', '#ВаюВБ╝вЈё', '#ВаюВБ╝вЈёЖ┤ђЖ┤Љ', '#ВаюВБ╝ВёюЖиђьЈгЖ░ђв│╝вДїьЋюЖ││', '#ВаюВБ╝вЈёЖ░ђв│╝вДїьЋюЖ││', '#ВаюВБ╝вѓаВће', '#ВаюВБ╝вЈёвѓаВће', '#ВаюВБ╝вЈёьјюВЁў', '#ВаюВБ╝Ж│хьЋГ', '#ВаюВБ╝в╣ёьќЅЖИ░', '#ВаюВБ╝вЈёв╣ёьќЅЖИ░', '#ВаюВБ╝вДЏВДЉ', '#ВаюВБ╝вЈёвДЏВДЉ', '#ВаюВБ╝ВЋаВЏћвДЏВДЉ', '#Ж┤ЉВБ╝', '#ВаюВБ╝ьўЉВъгвДЏВДЉ', '#ВаюВБ╝ьЋювд╝вДЏВДЉ', '#ВаюВБ╝вЈёВЋаВЏћвДЏВДЉ', '#ВаюВБ╝вЈёВё▒Вѓ░вДЏВДЉ', '#ВаюВБ╝вЈёьўЉВъгвДЏВДЉ', '#ВаюВБ╝вЈёьЋювд╝вДЏВДЉ', '#ВЃѕв│ёВўцвдё', '#ЖИѕВўцвдё', '#в╣ёьќЅЖИ░ВЃи', '#ВБ╝в│ђвДЏВДЉ', '#вѓ┤ВБ╝в│ђвДЏВДЉ', '#ВўцВёцвАЮ', '#вЈёвЉљв┤Ѕ', '#ьЋевЇЋвДЏВДЉ', '#Вё▒Вѓ░вДЏВДЉ']"
ВаюВБ╝ ВЮИВЃЮв░ЦВДЉРађРађРађРађРађРађРађРађРађРађРађРађРађРађРађРађРађ­ЪЋџ OPEN - 11:00РађРађРађРађРађРађРађРађРађРађРађРађ­ЪЋЋ CLOSED - 17:00РађРађРађРађРађРађРађРађРађРађРађРађРађРађРађРађРађвИїваѕВЮ┤ьЂгьЃђВъё ВЌєВќ┤Вџћ.ВўѕВЋйВЮђ в░ЏВДђ ВЋіЖ│а ВўцВІювіћ ВѕюВёювїђвАю ВІЮВѓгЖ░ђвіЦ ьЋўВёИВџћ.ВІ▒ВІ▒ьЋю ьЋ┤вг╝Ж│╝ ВІаВёаьЋю ВЋ╝В▒ёвАю ЖиИвѓа Вцђв╣ёьЋю ВъгвБїЖ░ђ ВєїВДёвљўвЕ┤ ВА░ЖИ░вДѕЖ░љ ьЋЕвІѕвІц. РађРађРађРађРађРађРађРађРађРађРађРађРађРађРађРађРађРађРађРађРађРађРађРађРађРађРађРађРађРађРађРађРађРађ­ЪЦБВаёв│хьЋ┤вг╝в│ХВЮїв░Ц / Ваёв│хвг╝ьџї / Ваёв│хвћ▒ВЃѕВџ░ВъЦ ВаЋВІЮРађРађРађРађРађРађРађРађРађРађРађРађРађРађРађРађРађВѓгвіћЖ▓ївІѕвѓўвЁИ ~ РЎгВЮИВЃЮв░ЦВДЉ010-6501-5073ВБ╝Вєївіћ ВаюВБ╝ВІю ьЋювд╝ВЮЇ вгИЖхљЖИИ6 ..РађРађРађРађРађРађРађРађРађРађРађРађРађРађРађРађРађ­ЪЁ┐№ИЈ вг┤вБї Ж│хВўЂ ВБ╝В░еВъЦ ВюёВ╣ў!! .РађРађРађРађРађРађРађРађРађРађРађРађРађРађРађРађРађ­ЪџЌ ВаюВБ╝ВІю ьЋювд╝ВЮЇ ьЋювд╝вдг 1197-4­Ъџў ВаюВБ╝ВІю ьЋювд╝ВЮЇ ьЋювд╝вдг 1198-3­ЪџЎ ВаюВБ╝ВІю ьЋювд╝ВЮЇ ьЋювд╝вдг 943-9.Ж▒ИВќ┤Вёю 2вХёВЮ┤вѓ┤ Ж▒░вдгВЌљВџћ~РЎАРЎА#ВаюВБ╝ #ВаюВБ╝вЈё #ВаюВБ╝вЈёЖ┤ђЖ┤Љ #ВаюВБ╝ВёюЖиђьЈгЖ░ђв│╝вДїьЋюЖ││ #ВаюВБ╝вЈёЖ░ђв│╝вДїьЋюЖ││ #ВаюВБ╝вѓаВће #ВаюВБ╝вЈёвѓаВће #ВаюВБ╝вЈёьјюВЁў #ВаюВБ╝Ж│хьЋГ #ВаюВБ╝в╣ёьќЅЖИ░ #ВаюВБ╝вЈёв╣ёьќЅЖИ░ #ВаюВБ╝вДЏВДЉ #ВаюВБ╝вЈёвДЏВДЉ #ВаюВБ╝ВЋаВЏћвДЏВДЉ #вїђВаё #ВаюВБ╝ьўЉВъгвДЏВДЉ #ВаюВБ╝ьЋювд╝вДЏВДЉ #ВаюВБ╝вЈёВЋаВЏћвДЏВДЉ #ВаюВБ╝вЈёВё▒Вѓ░вДЏВДЉ #ВаюВБ╝вЈёьўЉВъгвДЏВДЉ #ВаюВБ╝вЈёьЋювд╝вДЏВДЉ #ВЃѕв│ёВўцвдё #ЖИѕВўцвдё #в╣ёьќЅЖИ░ВЃи #ВБ╝в│ђвДЏВДЉ #вѓ┤ВБ╝в│ђвДЏВДЉ #ВўцВёцвАЮ #вЈёвЉљв┤Ѕ #ьЋевЇЋвДЏВДЉ #Вё▒Вѓ░вДЏВДЉ,2021-08-17,1,,"['#ВаюВБ╝', '#ВаюВБ╝вЈё', '#ВаюВБ╝вЈёЖ┤ђЖ┤Љ', '#ВаюВБ╝ВёюЖиђьЈгЖ░ђв│╝вДїьЋюЖ││', '#ВаюВБ╝вЈёЖ░ђв│╝вДїьЋюЖ││', '#ВаюВБ╝вѓаВће', '#ВаюВБ╝вЈёвѓаВће', '#ВаюВБ╝вЈёьјюВЁў', '#ВаюВБ╝Ж│хьЋГ', '#ВаюВБ╝в╣ёьќЅЖИ░', '#ВаюВБ╝вЈёв╣ёьќЅЖИ░', '#ВаюВБ╝вДЏВДЉ', '#ВаюВБ╝вЈёвДЏВДЉ', '#ВаюВБ╝ВЋаВЏћвДЏВДЉ', '#вїђВаё', '#ВаюВБ╝ьўЉВъгвДЏВДЉ', '#ВаюВБ╝ьЋювд╝вДЏВДЉ', '#ВаюВБ╝вЈёВЋаВЏћвДЏВДЉ', '#ВаюВБ╝вЈёВё▒Вѓ░вДЏВДЉ', '#ВаюВБ╝вЈёьўЉВъгвДЏВДЉ', '#ВаюВБ╝вЈёьЋювд╝вДЏВДЉ', '#ВЃѕв│ёВўцвдё', '#ЖИѕВўцвдё', '#в╣ёьќЅЖИ░ВЃи', '#ВБ╝в│ђвДЏВДЉ', '#вѓ┤ВБ╝в│ђвДЏВДЉ', '#ВўцВёцвАЮ', '#вЈёвЉљв┤Ѕ', '#ьЋевЇЋвДЏВДЉ', '#Вё▒Вѓ░вДЏВДЉ']"
ВаюВБ╝ ВЮИВЃЮв░ЦВДЉРађРађРађРађРађРађРађРађРађРађРађРађРађРађРађРађРађ­ЪЋџ OPEN - 11:00РађРађРађРађРађРађРађРађРађРађРађРађ­ЪЋЋ CLOSED - 17:00РађРађРађРађРађРађРађРађРађРађРађРађРађРађРађРађРађвИїваѕВЮ┤ьЂгьЃђВъё ВЌєВќ┤Вџћ.ВўѕВЋйВЮђ в░ЏВДђ ВЋіЖ│а ВўцВІювіћ ВѕюВёювїђвАю ВІЮВѓгЖ░ђвіЦ ьЋўВёИВџћ.ВІ▒ВІ▒ьЋю ьЋ┤вг╝Ж│╝ ВІаВёаьЋю ВЋ╝В▒ёвАю ЖиИвѓа Вцђв╣ёьЋю ВъгвБїЖ░ђ ВєїВДёвљўвЕ┤ ВА░ЖИ░вДѕЖ░љ ьЋЕвІѕвІц. РађРађРађРађРађРађРађРађРађРађРађРађРађРађРађРађРађРађРађРађРађРађРађРађРађРађРађРађРађРађРађРађРађРађ­ЪЦБВаёв│хьЋ┤вг╝в│ХВЮїв░Ц / Ваёв│хвг╝ьџї / Ваёв│хвћ▒ВЃѕВџ░ВъЦ ВаЋВІЮРађРађРађРађРађРађРађРађРађРађРађРађРађРађРађРађРађВѓгвіћЖ▓ївІѕвѓўвЁИ ~ РЎгВЮИВЃЮв░ЦВДЉ010-6501-5073ВБ╝Вєївіћ ВаюВБ╝ВІю ьЋювд╝ВЮЇ вгИЖхљЖИИ6 ..РађРађРађРађРађРађРађРађРађРађРађРађРађРађРађРађРађ­ЪЁ┐№ИЈ вг┤вБї Ж│хВўЂ ВБ╝В░еВъЦ ВюёВ╣ў!! .РађРађРађРађРађРађРађРађРађРађРађРађРађРађРађРађРађ­ЪџЌ ВаюВБ╝ВІю ьЋювд╝ВЮЇ ьЋювд╝вдг 1197-4­Ъџў ВаюВБ╝ВІю ьЋювд╝ВЮЇ ьЋювд╝вдг 1198-3­ЪџЎ ВаюВБ╝ВІю ьЋювд╝ВЮЇ ьЋювд╝вдг 943-9.Ж▒ИВќ┤Вёю 2вХёВЮ┤вѓ┤ Ж▒░вдгВЌљВџћ~РЎАРЎА#ВаюВБ╝ #ВаюВБ╝вЈё #ВаюВБ╝вЈёЖ┤ђЖ┤Љ #ВаюВБ╝ВёюЖиђьЈгЖ░ђв│╝вДїьЋюЖ││ #ВаюВБ╝вЈёЖ░ђв│╝вДїьЋюЖ││ #ВаюВБ╝вѓаВће #ВаюВБ╝вЈёвѓаВће #ВаюВБ╝вЈёьјюВЁў #ВаюВБ╝Ж│хьЋГ #ВаюВБ╝в╣ёьќЅЖИ░ #ВаюВБ╝вЈёв╣ёьќЅЖИ░ #ВаюВБ╝вДЏВДЉ #ВаюВБ╝вЈёвДЏВДЉ #ВаюВБ╝ВЋаВЏћвДЏВДЉ #ВаюВБ╝Вё▒Вѓ░вДЏВДЉ #ВаюВБ╝ьўЉВъгвДЏВДЉ #ВаюВБ╝ьЋювд╝вДЏВДЉ #ВаюВБ╝вЈёВЋаВЏћвДЏВДЉ #ВаюВБ╝вЈёВё▒Вѓ░вДЏВДЉ #ВаюВБ╝вЈёьўЉВъгвДЏВДЉ #ВаюВБ╝вЈёьЋювд╝вДЏВДЉ #ВЃѕв│ёВўцвдё #ЖИѕВўцвдё #в╣ёьќЅЖИ░ВЃи #ВБ╝в│ђвДЏВДЉ #вѓ┤ВБ╝в│ђвДЏВДЉ #ВўцВёцвАЮ #вЈёвЉљв┤Ѕ #ьЋевЇЋвДЏВДЉ #Вё▒Вѓ░вДЏВДЉ,2021-08-17,4,,"['#ВаюВБ╝', '#ВаюВБ╝вЈё', '#ВаюВБ╝вЈёЖ┤ђЖ┤Љ', '#ВаюВБ╝ВёюЖиђьЈгЖ░ђв│╝вДїьЋюЖ││', '#ВаюВБ╝вЈёЖ░ђв│╝вДїьЋюЖ││', '#ВаюВБ╝вѓаВће', '#ВаюВБ╝вЈёвѓаВће', '#ВаюВБ╝вЈёьјюВЁў', '#ВаюВБ╝Ж│хьЋГ', '#ВаюВБ╝в╣ёьќЅЖИ░', '#ВаюВБ╝вЈёв╣ёьќЅЖИ░', '#ВаюВБ╝вДЏВДЉ', '#ВаюВБ╝вЈёвДЏВДЉ', '#ВаюВБ╝ВЋаВЏћвДЏВДЉ', '#ВаюВБ╝Вё▒Вѓ░вДЏВДЉ', '#ВаюВБ╝ьўЉВъгвДЏВДЉ', '#ВаюВБ╝ьЋювд╝вДЏВДЉ', '#ВаюВБ╝вЈёВЋаВЏћвДЏВДЉ', '#ВаюВБ╝вЈёВё▒Вѓ░вДЏВДЉ', '#ВаюВБ╝вЈёьўЉВъгвДЏВДЉ', '#ВаюВБ╝вЈёьЋювд╝вДЏВДЉ', '#ВЃѕв│ёВўцвдё', '#ЖИѕВўцвдё', '#в╣ёьќЅЖИ░ВЃи', '#ВБ╝в│ђвДЏВДЉ', '#вѓ┤ВБ╝в│ђвДЏВДЉ', '#ВўцВёцвАЮ', '#вЈёвЉљв┤Ѕ', '#ьЋевЇЋвДЏВДЉ', '#Вё▒Вѓ░вДЏВДЉ']"
ВаюВБ╝ ВЮИВЃЮв░ЦВДЉРађРађРађРађРађРађРађРађРађРађРађРађРађРађРађРађРађ­ЪЋџ OPEN - 11:00РађРађРађРађРађРађРађРађРађРађРађРађ­ЪЋЋ CLOSED - 17:00РађРађРађРађРађРађРађРађРађРађРађРађРађРађРађРађРађвИїваѕВЮ┤ьЂгьЃђВъё ВЌєВќ┤Вџћ.ВўѕВЋйВЮђ в░ЏВДђ ВЋіЖ│а ВўцВІювіћ ВѕюВёювїђвАю ВІЮВѓгЖ░ђвіЦ ьЋўВёИВџћ.ВІ▒ВІ▒ьЋю ьЋ┤вг╝Ж│╝ ВІаВёаьЋю ВЋ╝В▒ёвАю ЖиИвѓа Вцђв╣ёьЋю ВъгвБїЖ░ђ ВєїВДёвљўвЕ┤ ВА░ЖИ░вДѕЖ░љ ьЋЕвІѕвІц. РађРађРађРађРађРађРађРађРађРађРађРађРађРађРађРађРађРађРађРађРађРађРађРађРађРађРађРађРађРађРађРађРађРађ­ЪЦБВаёв│хьЋ┤вг╝в│ХВЮїв░Ц / Ваёв│хвг╝ьџї / Ваёв│хвћ▒ВЃѕВџ░ВъЦ ВаЋВІЮРађРађРађРађРађРађРађРађРађРађРађРађРађРађРађРађРађВѓгвіћЖ▓ївІѕвѓўвЁИ ~ РЎгВЮИВЃЮв░ЦВДЉ010-6501-5073ВБ╝Вєївіћ ВаюВБ╝ВІю ьЋювд╝ВЮЇ вгИЖхљЖИИ6 ..РађРађРађРађРађРађРађРађРађРађРађРађРађРађРађРађРађ­ЪЁ┐№ИЈ вг┤вБї Ж│хВўЂ ВБ╝В░еВъЦ ВюёВ╣ў!! .РађРађРађРађРађРађРађРађРађРађРађРађРађРађРађРађРађ­ЪџЌ ВаюВБ╝ВІю ьЋювд╝ВЮЇ ьЋювд╝вдг 1197-4­Ъџў ВаюВБ╝ВІю ьЋювд╝ВЮЇ ьЋювд╝вдг 1198-3­ЪџЎ ВаюВБ╝ВІю ьЋювд╝ВЮЇ ьЋювд╝вдг 943-9.Ж▒ИВќ┤Вёю 2вХёВЮ┤вѓ┤ Ж▒░вдгВЌљВџћ~РЎАРЎА#ВаюВБ╝вЈёвДЏВДЉ #ВаюВБ╝вЈёвѓаВће #ВаюВБ╝вЈёьЋГЖ│хЖХї #ВаюВБ╝вЈёваїьіИВ╣┤ #ВаюВБ╝ВЋаВЏћвДЏВДЉ #ВаюВБ╝вЈёВДђвЈё #ВаюВБ╝Ж│хьЋГЖи╝В▓ўвДЏВДЉ #ВаюВБ╝вДЏВДЉ #ВаюВБ╝вЈёЖ┤ђЖ┤Љ #ВаюВБ╝вЈёЖ░ђв│╝вДїьЋюЖ││ #ВаюВБ╝вЈёВѕЎВєї #ВаюВБ╝вЈёЖ▓їВіцьіИьЋўВџ░Віц #ВаюВБ╝Вё▒Вѓ░вДЏВДЉ #ВаюВБ╝ВІювДЏВДЉ #ВаюВБ╝ВцЉвгИвДЏВДЉ #ВаюВБ╝вЈёвДЏВДЉвдгВіцьіИ #ВаюВБ╝вЈёвДЏВДЉВДђвЈё #ВаюВБ╝вЈёвДЏВДЉВХћВ▓ю #ВаюВБ╝вЈё #ВаюВБ╝вДЏВДЉВХћВ▓ю #ВЋаВЏћвДЏВДЉ #ьўЉВъгвДЏВДЉ #ьЋювд╝вДЏВДЉ #ьўЉВъгьЋ┤ВѕўВџЋВъЦ #ВЃѕв│ёВўцвдё #ЖИѕВўцвдё #ьЋ┤Вџ┤вїђвДЏВДЉ #ВёюЖиђьЈгвДЏВДЉ #ВаюВБ╝вЈЎвгИВІюВъЦ #ВўцВёцвАЮ,2021-08-17,3,,"['#ВаюВБ╝вЈёвДЏВДЉ', '#ВаюВБ╝вЈёвѓаВће', '#ВаюВБ╝вЈёьЋГЖ│хЖХї', '#ВаюВБ╝вЈёваїьіИВ╣┤', '#ВаюВБ╝ВЋаВЏћвДЏВДЉ', '#ВаюВБ╝вЈёВДђвЈё', '#ВаюВБ╝Ж│хьЋГЖи╝В▓ўвДЏВДЉ', '#ВаюВБ╝вДЏВДЉ', '#ВаюВБ╝вЈёЖ┤ђЖ┤Љ', '#ВаюВБ╝вЈёЖ░ђв│╝вДїьЋюЖ││', '#ВаюВБ╝вЈёВѕЎВєї', '#ВаюВБ╝вЈёЖ▓їВіцьіИьЋўВџ░Віц', '#ВаюВБ╝Вё▒Вѓ░вДЏВДЉ', '#ВаюВБ╝ВІювДЏВДЉ', '#ВаюВБ╝ВцЉвгИвДЏВДЉ', '#ВаюВБ╝вЈёвДЏВДЉвдгВіцьіИ', '#ВаюВБ╝вЈёвДЏВДЉВДђвЈё', '#ВаюВБ╝вЈёвДЏВДЉВХћВ▓ю', '#ВаюВБ╝вЈё', '#ВаюВБ╝вДЏВДЉВХћВ▓ю', '#ВЋаВЏћвДЏВДЉ', '#ьўЉВъгвДЏВДЉ', '#ьЋювд╝вДЏВДЉ', '#ьўЉВъгьЋ┤ВѕўВџЋВъЦ', '#ВЃѕв│ёВўцвдё', '#ЖИѕВўцвдё', '#ьЋ┤Вџ┤вїђвДЏВДЉ', '#ВёюЖиђьЈгвДЏВДЉ', '#ВаюВБ╝вЈЎвгИВІюВъЦ', '#ВўцВёцвАЮ']"
"РюеВЌгЖИ░вІцВаюВБ╝ 8.15 Ж┤Љв│хВаѕ ЖИ░вЁљXвЅ┤ВџЋ ьЃђВъёВіцьђўВќ┤ ВаёЖ┤Љьїљ Ж┤ЉЖ│аРюеВЌгЖИ░вІцВаюВБ╝Ж░ђ Ж┤Љв│хВаѕВЮё ЖИ░вЁљьЋўВЌг ВюавфЁ вћћВъљВЮ┤вёѕВЮў ьЋюв│хВЮё ьўЉВ░гв░ЏВЋё ВДёьќЅьЋю вЅ┤ВџЋ ьЃђВъёВіцьђўВќ┤ Ж┤ЉЖ│авЦ╝ Вё▒ьЎЕвдгВЌљ вДѕВ│цВіхвІѕвІц. вёѕвг┤ ВъљвъЉВіцвЪйВіхвІѕвІц­ЪЉЈ­ЪЈ╗­ЪЉЈ­ЪЈ╗­ЪЉЈ­ЪЈ╗ВЌгЖИ░вІцВаюВБ╝віћ в│┤вІц ьјИвдгьЋю ВаюВБ╝вЈё ВЌгьќЅВЮё ВюёьЋ┤ В╣┤В╣┤ВўцьєА В▒Ќв┤Є Вёюв╣ёВіцвЦ╝ ВаюЖ│хьЋЕвІѕвІц. вІеВѕюьъѕ Вёюв╣ёВіцвДїВЮё ВаюЖ│хьЋўвіћ В░еВЏљВЮё вёўВќ┤ Вџ░вдгвѓўвЮ╝ в┐љвДї ВЋёвІѕвЮ╝ Ваё ВёИЖ│ёВЌљ ВаюВБ╝вЈёвЦ╝ ВЋївдгЖИ░ ВюёьЋ┤ ьъўВЊ░Ж│а ВъѕВіхвІѕвІц. ВЮ┤в▓ѕ В┤гВўЂВЮё вг┤Вѓгьъѕ вДѕВ╣ўЖ▓ї ьЋ┤Вцђ в░░Вџ░вІўвЊц ЖиИвдгЖ│а вЈёВЎђВБ╝ВІа вфевЊа вХёвЊцЖ╗ў вёѕвг┤ Ж░љВѓгвЊювдйвІѕвІц.РЮц№ИЈ ВЌгЖИ░вІцВаюВБ╝віћ ВаюВБ╝вЈё ВЌгьќЅВЮё ьјИвдгьЋўЖ▓ї ьЋа Вѕў ВъѕЖ▓ї ВўцВДЂ Вєїв╣ёВъљВЮў ьјИвдгвДїВЮё ВЃЮЖ░ЂьЋўВЌг Ж░юв░юьЋўВўђВіхвІѕвІц. ВаюВБ╝вЈёВЮў вфевЊа ВаЋв│┤ВЎђ ВДђвЈёвЦ╝ ВЮ┤ВџЕьЋю ВЌгьќЅ ВіцВ╝ђВцё вДївЊцЖИ░, В╣юЖхгВЎђ Ж│хВюаьЋўЖ│а вфЕВаЂВДђ ВЋѕвѓ┤Ж╣їВДђ ьЋю в▓ѕВЌљ Ж░ђвіЦьЋю Вёюв╣ёВіцВъЁвІѕвІц.вДјВЮђ Ж┤ђВІгЖ│╝ ВЮ┤ВџЕ вХђьЃЂвЊювдйвІѕвІц­ЪЎЈ­ЪЈ╗Рюе",2021-08-17,319,"Times Square, New York City",[]
ВйћВЌЁВІюьІ░ьўИьЁћ Вё▒Вѓ░Ж│╝Въљ + вДЦВБ╝2020.05.23#ВаюВБ╝вЈё #jeju #ВаюВБ╝вЈёВЌгьќЅ #ВаюВБ╝вЈёьЋювІгВѓ┤ЖИ░ #ВаюВБ╝ьЋювІгВѓ┤ЖИ░ #ьЋювІгВѓ┤ЖИ░ #ВаюВБ╝ВЌгьќЅ #ВаюВБ╝вЈёЖ┤ђЖ┤Љ #ВаюВБ╝вЈёЖ┤ђЖ┤ЉВДђ #ВаюВБ╝вЈёЖ┤ђЖ┤ЉВДђВХћВ▓ю #ВаюВБ╝вЈёВЌгьќЅВДђ #ВаюВБ╝вЈёВЌгьќЅВДђВХћВ▓ю #ВаюВБ╝Ж░ђв│╝вДїьЋюЖ││ #ВаюВБ╝вЈёЖ░ђв│╝вДїьЋюЖ││ #ВаюВБ╝вЈёьўИьЁћ #ВаюВБ╝ьўИьЁћ #ВаюВБ╝ВйћВЌЁВІюьІ░ьўИьЁћ #ВаюВБ╝вЈёВйћВЌЁВІюьІ░ьўИьЁћ #ВаюВБ╝ВйћВЌЁВІюьІ░ьўИьЁћВё▒Вѓ░ #ВаюВБ╝вЈёВйћВЌЁВІюьІ░ьўИьЁћВё▒Вѓ░ #ьўИьЁћ #ВаюВБ╝вЈёВё▒Вѓ░ьўИьЁћ #ВаюВБ╝Вё▒Вѓ░ьўИьЁћ #ВаюВБ╝ьўИьЁћВХћВ▓ю #ВаюВБ╝вЈёьўИьЁћВХћВ▓ю #ВаюВБ╝вЈёВё▒Вѓ░ьўИьЁћВХћВ▓ю #ВаюВБ╝Вё▒Вѓ░ьўИьЁћВХћВ▓ю #ВёюЖиђьЈгВІюьўИьЁћВХћВ▓ю #ВёюЖиђьЈгьўИьЁћВХћВ▓ю #ВёюЖиђьЈгьўИьЁћ,2021-08-17,18,ВйћВЌЁВІюьІ░ьўИьЁћ Вё▒Вѓ░,"['#ВаюВБ╝вЈё', '#jeju', '#ВаюВБ╝вЈёВЌгьќЅ', '#ВаюВБ╝вЈёьЋювІгВѓ┤ЖИ░', '#ВаюВБ╝ьЋювІгВѓ┤ЖИ░', '#ьЋювІгВѓ┤ЖИ░', '#ВаюВБ╝ВЌгьќЅ', '#ВаюВБ╝вЈёЖ┤ђЖ┤Љ', '#ВаюВБ╝вЈёЖ┤ђЖ┤ЉВДђ', '#ВаюВБ╝вЈёЖ┤ђЖ┤ЉВДђВХћВ▓ю', '#ВаюВБ╝вЈёВЌгьќЅВДђ', '#ВаюВБ╝вЈёВЌгьќЅВДђВХћВ▓ю', '#ВаюВБ╝Ж░ђв│╝вДїьЋюЖ││', '#ВаюВБ╝вЈёЖ░ђв│╝вДїьЋюЖ││', '#ВаюВБ╝вЈёьўИьЁћ', '#ВаюВБ╝ьўИьЁћ', '#ВаюВБ╝ВйћВЌЁВІюьІ░ьўИьЁћ', '#ВаюВБ╝вЈёВйћВЌЁВІюьІ░ьўИьЁћ', '#ВаюВБ╝ВйћВЌЁВІюьІ░ьўИьЁћВё▒Вѓ░', '#ВаюВБ╝вЈёВйћВЌЁВІюьІ░ьўИьЁћВё▒Вѓ░', '#ьўИьЁћ', '#ВаюВБ╝вЈёВё▒Вѓ░ьўИьЁћ', '#ВаюВБ╝Вё▒Вѓ░ьўИьЁћ', '#ВаюВБ╝ьўИьЁћВХћВ▓ю', '#ВаюВБ╝вЈёьўИьЁћВХћВ▓ю', '#ВаюВБ╝вЈёВё▒Вѓ░ьўИьЁћВХћВ▓ю', '#ВаюВБ╝Вё▒Вѓ░ьўИьЁћВХћВ▓ю', '#ВёюЖиђьЈгВІюьўИьЁћВХћВ▓ю', '#ВёюЖиђьЈгьўИьЁћВХћВ▓ю', '#ВёюЖиђьЈгьўИьЁћ']"
#ВѓгВДёьЋюВъћВЮўВЌгВюаьЋГвфйВюаВаЂВДђВЌљ в░▒ВЮ╝ьЎЇ­ЪїИв╣ёВўевњцВЌљ вЇћ ВЃЮвЈЎЖ░љ Въѕвіћвёѕвг┤ відВЮђ в░ЕвгИВЮ┤ВЌѕвѓўВѓгвъїВЮ┤ в│ёвАю ВЌєВЌѕвІц­ЪўЁРађРађ­ЪЊЇВЋаВЏћВЮЇ Ж│аВё▒вдг 1126-1,2021-08-17,,ьЋГьїївЉљвдг ьЋГвфйВюаВаЂВДђ,['#ВѓгВДёьЋюВъћВЮўВЌгВюаьЋГвфйВюаВаЂВДђВЌљ']
"вІцвъЉВЅгВўцвдё, ВЏћвъЉв┤Ѕ2020.05.23#ВаюВБ╝вЈё #jeju #ВаюВБ╝вЈёВЌгьќЅ #ВаюВБ╝вЈёьЋювІгВѓ┤ЖИ░ #ВаюВБ╝ьЋювІгВѓ┤ЖИ░ #ьЋювІгВѓ┤ЖИ░ #ВаюВБ╝ВЌгьќЅ #ВаюВБ╝вЈёЖ┤ђЖ┤Љ #ВаюВБ╝вЈёЖ┤ђЖ┤ЉВДђ #ВаюВБ╝вЈёЖ┤ђЖ┤ЉВДђВХћВ▓ю #ВаюВБ╝вЈёВЌгьќЅВДђ #ВаюВБ╝вЈёВЌгьќЅВДђВХћВ▓ю #ВаюВБ╝Ж░ђв│╝вДїьЋюЖ││ #ВаюВБ╝вЈёЖ░ђв│╝вДїьЋюЖ││ #ВаюВБ╝вЈёВўцвдёВХћВ▓ю #ВаюВБ╝ВўцвдёВХћВ▓ю #ВЮИВЃЮВЃи #ВЮИВЃЮВѓгВДё #ьћёВѓг #ьћёвАюьЋёВѓгВДё #ВаюВБ╝вЈёВЅгВџ┤Вўцвдё #ВаюВБ╝ВЅгВџ┤Вўцвдё #ВаюВБ╝вЈёВўцвдёВЅгВџ┤Ж││ #ВаюВБ╝ВўцвдёВЅгВџ┤Ж││ #ВаюВБ╝вЈёВўцвдёВЅгВџ┤ВйћВіц #ВаюВБ╝ВўцвдёВЅгВџ┤ВйћВіц #вІцвъЉВЅгВўцвдё #ВЏћвъЉв┤Ѕ #ВаюВБ╝вІцвъЉВЅгВўцвдё #ВаюВБ╝вЈёвІцвъЉВЅгВўцвдё",2021-08-17,13,вІцвъЉВЅгВўцвдё,"['#ВаюВБ╝вЈё', '#jeju', '#ВаюВБ╝вЈёВЌгьќЅ', '#ВаюВБ╝вЈёьЋювІгВѓ┤ЖИ░', '#ВаюВБ╝ьЋювІгВѓ┤ЖИ░', '#ьЋювІгВѓ┤ЖИ░', '#ВаюВБ╝ВЌгьќЅ', '#ВаюВБ╝вЈёЖ┤ђЖ┤Љ', '#ВаюВБ╝вЈёЖ┤ђЖ┤ЉВДђ', '#ВаюВБ╝вЈёЖ┤ђЖ┤ЉВДђВХћВ▓ю', '#ВаюВБ╝вЈёВЌгьќЅВДђ', '#ВаюВБ╝вЈёВЌгьќЅВДђВХћВ▓ю', '#ВаюВБ╝Ж░ђв│╝вДїьЋюЖ││', '#ВаюВБ╝вЈёЖ░ђв│╝вДїьЋюЖ││', '#ВаюВБ╝вЈёВўцвдёВХћВ▓ю', '#ВаюВБ╝ВўцвдёВХћВ▓ю', '#ВЮИВЃЮВЃи', '#ВЮИВЃЮВѓгВДё', '#ьћёВѓг', '#ьћёвАюьЋёВѓгВДё', '#ВаюВБ╝вЈёВЅгВџ┤Вўцвдё', '#ВаюВБ╝ВЅгВџ┤Вўцвдё', '#ВаюВБ╝вЈёВўцвдёВЅгВџ┤Ж││', '#ВаюВБ╝ВўцвдёВЅгВџ┤Ж││', '#ВаюВБ╝вЈёВўцвдёВЅгВџ┤ВйћВіц', '#ВаюВБ╝ВўцвдёВЅгВџ┤ВйћВіц', '#вІцвъЉВЅгВўцвдё', '#ВЏћвъЉв┤Ѕ', '#ВаюВБ╝вІцвъЉВЅгВўцвдё', '#ВаюВБ╝вЈёвІцвъЉВЅгВўцвдё']"
#вІгв╣ЏВбІВЮђв░ц#ВаюВБ╝вІгв╣ЏВбІВЮђв░ц вѓ«ВЌљвЈё ВађвЁЂВЌљвЈё ви░вДЏВДЉьЉИВДљьЋўЖ│а вДЏВъѕвіћьїїВіцьЃђ&ьЮЉвЈ╝ВДђвќАЖ░ѕв╣ёВаюВБ╝ вІгв╣ЏВбІВЮђв░ц­ЪїЎВаюВБ╝ вІгв╣ЏВбІВЮђв░цРўЋCoffee&Dessert­ЪДЂRestaurant­ЪЇй­ЪЈЮВаюВБ╝ьі╣в│ёВъљВ╣ўвЈё ВаюВБ╝ВІю ьЋювд╝ВЮЇ ьЋювд╝вАю 424-1 2ВИх­ЪЋџAM 11:00 ~ AM 00:00#ВаюВБ╝вДЏВДЉ #ВаюВБ╝ьїїВіцьЃђвДЏВДЉ #ВаюВБ╝ьўЉВъгвДЏВДЉ #ВаюВБ╝ьЋювд╝вДЏВДЉ #ьўЉВъгьЋ┤ВѕўВџЋВъЦвДЏВДЉ #ВаюВБ╝ьўЉВъгьЈгЖхгвДЏВДЉ #ВаюВБ╝ьўёВДђВЮИвДЏВДЉ #ВаюВБ╝ьўЉВъгЖ░ђв│╝вДїьЋюЖ││ #ВаюВБ╝вЈёЖ┤ђЖ┤Љ #ВаюВБ╝ВІювДЏВДЉ #ВаюВБ╝вЈёьЋФьћїваѕВЮ┤Віц #ВаюВБ╝вЈёВ╣┤ьјў #ВаюВБ╝вЈёЖ╝ГЖ░ђВЋ╝ьЋаЖ││,2021-08-17,"1,015",,"['#вІгв╣ЏВбІВЮђв░ц', '#ВаюВБ╝вІгв╣ЏВбІВЮђв░ц', '#ВаюВБ╝вДЏВДЉ', '#ВаюВБ╝ьїїВіцьЃђвДЏВДЉ', '#ВаюВБ╝ьўЉВъгвДЏВДЉ', '#ВаюВБ╝ьЋювд╝вДЏВДЉ', '#ьўЉВъгьЋ┤ВѕўВџЋВъЦвДЏВДЉ', '#ВаюВБ╝ьўЉВъгьЈгЖхгвДЏВДЉ', '#ВаюВБ╝ьўёВДђВЮИвДЏВДЉ', '#ВаюВБ╝ьўЉВъгЖ░ђв│╝вДїьЋюЖ││', '#ВаюВБ╝вЈёЖ┤ђЖ┤Љ', '#ВаюВБ╝ВІювДЏВДЉ', '#ВаюВБ╝вЈёьЋФьћїваѕВЮ┤Віц', '#ВаюВБ╝вЈёВ╣┤ьјў', '#ВаюВБ╝вЈёЖ╝ГЖ░ђВЋ╝ьЋаЖ││']"
#В▓ФВцё #ВаюВБ╝ьі╣в│ёВъљВ╣ўвЈёВёюВўѕвгИВЮИьЎћвїђВаё#В║ўвдгЖиИвЮ╝ьћ╝Ж│хвфеВаёВѕўВЃЂ ВъЁВёа ВєїВІЮ­ЪўЇВЋёВДЂвДјВЮ┤вХђВА▒ьЋ┤!вЇћ ВЌ┤ВІгьъѕ!!­ЪЉі#ВаюВБ╝Вѓгвъї #ВаюВБ╝вЈёВЌгьќЅ #ВаюВБ╝вЈёЖ┤ђЖ┤Љ #ВаюВБ╝ВІцВЎИЖ░ђв│╝вДїьЋюЖ││#ВаюВБ╝вДЏВДЉьѕгВќ┤ #ВаюВБ╝В╣┤ьјўьѕгВќ┤ #ВаюВБ╝вЈё #ВаюВБ╝В║ўвдгЖиИвЮ╝ьћ╝ #В║ўвдгЖиИвЮ╝ьћ╝ВаюВБ╝ #ВаюВБ╝ВєљЖИђВће #ВєљЖИђВће#В║ўвдгЖиИвЮ╝ьћ╝Вєїьњѕ #В║ўвдгЖиИвЮ╝ьћ╝ВЋАВъљ #В║ўвдгЖиИвЮ╝ьћ╝Вёавг╝#Ж░љВё▒В║ўвдг #ВбІВЮђЖИђЖиђ#В║ўвдгЖиИвЮ╝ьћ╝ #ВаюВўеВ║ўвдг #ВаюВўеЖИђВће #ВЮ┤Вѓ░ЖИђВћеьЋЎЖхљ #ьјюЖИђВће #ЖИђВћевћћВъљВЮИ#ьїеьё┤В║ўвдгЖиИвЮ╝ьћ╝ #вХЊВ║ўвдгЖиИвЮ╝ьћ╝,2021-08-17,101,,"['#В▓ФВцё', '#ВаюВБ╝ьі╣в│ёВъљВ╣ўвЈёВёюВўѕвгИВЮИьЎћвїђВаё', '#В║ўвдгЖиИвЮ╝ьћ╝Ж│хвфеВаёВѕўВЃЂ', '#ВаюВБ╝Вѓгвъї', '#ВаюВБ╝вЈёВЌгьќЅ', '#ВаюВБ╝вЈёЖ┤ђЖ┤Љ', '#ВаюВБ╝ВІцВЎИЖ░ђв│╝вДїьЋюЖ││', '#ВаюВБ╝вДЏВДЉьѕгВќ┤', '#ВаюВБ╝В╣┤ьјўьѕгВќ┤', '#ВаюВБ╝вЈё', '#ВаюВБ╝В║ўвдгЖиИвЮ╝ьћ╝', '#В║ўвдгЖиИвЮ╝ьћ╝ВаюВБ╝', '#ВаюВБ╝ВєљЖИђВће', '#ВєљЖИђВће', '#В║ўвдгЖиИвЮ╝ьћ╝Вєїьњѕ', '#В║ўвдгЖиИвЮ╝ьћ╝ВЋАВъљ', '#В║ўвдгЖиИвЮ╝ьћ╝Вёавг╝', '#Ж░љВё▒В║ўвдг', '#ВбІВЮђЖИђЖиђ', '#В║ўвдгЖиИвЮ╝ьћ╝', '#ВаюВўеВ║ўвдг', '#ВаюВўеЖИђВће', '#ВЮ┤Вѓ░ЖИђВћеьЋЎЖхљ', '#ьјюЖИђВће', '#ЖИђВћевћћВъљВЮИ', '#ьїеьё┤В║ўвдгЖиИвЮ╝ьћ╝', '#вХЊВ║ўвдгЖиИвЮ╝ьћ╝']"
Ж░ёвДїВЌљ в│ЋВЮ┤ вѓўвІѕ ВЮ╝Ж┤ЉЖ▒┤ВА░ вЊцВќ┤Ж░ђВЋ╝ВБа­ЪўйЖ╣ћвЂћьЋўЖ▓ї Вцђв╣ёьЋ┤вєЊВЮёьЁївІѕ ВЋѕВІгьЋўЖ│а ВъЁВІцьЋўВёИВџћ­ЪЉЇ,2021-08-17,44,ВаюВБ╝ ЖиИвд░вЇ░ВЮ┤ Ж▓їВіцьіИьЋўВџ░Віц 'GreenDay' jeju guesthouse & backpackers & hostel,[]
"ьЋ┤вЁђЖ░ђ ВъАВЮђ ьЋ┤Вѓ░вг╝вАю вДївЊювіћ ьЋ┤вг╝вЮ╝вЕ┤­ЪЎїРађв▓ЋьЎў ьЋ┤вЁђВ▓┤ьЌўВё╝ьё░ ВўєВЌљ'ВъавЁђВѕев╣ёВєївдг'вЮ╝віћ ВІЮвІ╣ВЮ┤ ВъѕвіћвЇ░Вџћ.РађВќ┤В┤їЖ│ёВЌљВёю ВДЂВаЉ Вџ┤ВўЂьЋўвіћ ВІЮвІ╣ВЮ┤въЇвІѕвІц­ЪўЃВІаВёаьЋеВЮђ Жх│ВЮ┤ вДљьЋўВДђ ВЋіВЋёвЈё вљўЖ▓аВБа?­ЪЉЇРађвЮ╝вЕ┤ВЌљ в┐ћВєївЮ╝, в░ћВДђвЮй, ьЎЇьЋЕВЮ┤вЮ╝вІѕвДЏ ВЌєВЮё Вѕў ВЌєвіћ ВА░ьЋЕ..РађьЋ┤вг╝вЮ╝вЕ┤ ВЎИВЌљвЈёвгИВќ┤ьџї, Ваёв│хВБй, Вё▒Ж▓їЖхГВѕў вЊ▒вІцВќЉьЋю ВЮїВІЮВЮ┤ ВъѕВю╝вІѕЖ╝Г ВЎђВёю вЊюВЁћв│┤ВЁеВю╝вЕ┤ ВбІЖ▓аВќ┤Вџћ­ЪўєРађ",2021-08-17,31,ВёюЖиђьЈг в▓ЋьЎўьЈгЖхг,[]
ьЎЕВџ░ВДђ ьЋ┤ВЋѕ Ж░ђвіћ ЖИИРађВЋ╝ВъљВѕў Въѕвіћвѓўвг┤ вЇ░ьЂгЖИИ вћ░вЮ╝­ЪЋ║Рађ­ЪЊи ВаюВБ╝ЖиИвдгвІцhttps://blog.naver.com/wetbell1/222390648416Рађ,2021-08-17,28,ВёюЖиђьЈг в▓ЋьЎўьЈгЖхг,[]
"в░ћвІцвЕЇ, вг╝вЕЇьЋўЖИ░ ВбІВЮђВѓгЖ│ё ьЋ┤в│ђ Въћвћћв░ГРађВЌгьќЅ ВцЉВЌљ ВъаВІю ВЅгВќ┤Ж░ђВёИВџћРЮц№ИЈРађ­ЪЊи ьљѕвІѕвІѕhttps://blog.naver.com/zzanzhu4654/222309099224Рађ",2021-08-17,30,ВаюВБ╝ ВѓгЖ│ёьЋ┤в│ђ,[]
ВъЦвЁИВХювАю вІ┤ВЋёв│И ВѓгЖ│ё ьЋ┤ВЋѕРађвіљвѓї Ж░ђвЊЮ­ЪЉЇРађ­ЪЊи ВЎИЖ│ёВДђВџЕhttps://blog.naver.com/ilikeyujin/222106559729Рађ,2021-08-17,27,ВаюВБ╝ ВѓгЖ│ёьЋ┤в│ђ,[]
ВаюВБ╝ ьЋўвЈёвдгВЋївАЮвІгвАЮьЋю ЖхгВўЦВЮў ВДђвХЋвЊцРађВДЉВДЉвДѕвІц вІцвЦИ ВЃЅВю╝вАю В╣аьЋю ВДђвХЋВЮ┤вёѕвг┤ ЖиђВЌйвёцВџћ­ЪЦ░Рађ­ЪЊи ВџћЖИ░ВА░ЖИ░https://blog.naver.com/yuyuhall/222171243739Рађ,2021-08-17,32,ьЋўвЈёВќ┤В┤їЖ│ё,[]
вДѕВЮїЖ╣їВДђ ВІюВЏљьЋ┤ВДђвіћьЋўвЈё в░ћвІиЖ░ђ ьњЇЖ▓й­ЪїіРађ­ЪЊи BINNPAPAhttps://blog.naver.com/jongbock/222455520368Рађ,2021-08-17,34,ьЋўвЈёВќ┤В┤їЖ│ё,[]
..ьЎћВЮ┤Въљ вЈЁьЋўвёц.6Ж░юВЏћ відВЮђ ВѓгВДё..ВЌгЖИ░вЈё ВаюВБ╝вІц.#ВаюВБ╝вЈёВѓгВДёВ░ЇЖИ░ВбІВЮђЖ││ #ВаюВБ╝вЈёьњЇЖ▓й #ВаюВБ╝вЈёВЌгьќЅ #ВаюВБ╝вЈёВ╣┤ьјў #ВаюВБ╝вЈёВѕЎВєї #ВаюВБ╝вЈёвДЏВДЉ #ВаюВБ╝вЈёВѓгВДё #ВаюВБ╝вЈёвфевЇИ #ВаюВБ╝вЈёВіцвЃЁ #ВаюВБ╝вЈёВѓ░В▒Ё #ВаюВБ╝вЈёЖ┤ђЖ┤Љ #ВаюВБ╝вЈёьЋФьћї #ВаюВБ╝вЈёВЏевћЕ #ВаюВБ╝вЈёЖ░ђв│╝вДїьЋюЖ││ #ВаюВБ╝вЈёвЈёв»╝вДЏВДЉ #ьЋювЮ╝Вѓ░ #ВаюВБ╝вЈёВЏевћЕВіцвЃЁ #ВаюВБ╝вЈёВѓгВДёвфЁВєї #ВаюВБ╝вЈё #jeju #ВЮ╝ВХю #ВЮ╝вф░ #ВаюВБ╝вЈёВЌгьќЅВйћВіц #ВаюВБ╝вЈёВѕеВЮђвДЏВДЉ #ВюаВ▒ёЖйЃ #ВѕўЖхГ #Вѓ░В▒Ё,2021-08-17,157,,"['#ВаюВБ╝вЈёВѓгВДёВ░ЇЖИ░ВбІВЮђЖ││', '#ВаюВБ╝вЈёьњЇЖ▓й', '#ВаюВБ╝вЈёВЌгьќЅ', '#ВаюВБ╝вЈёВ╣┤ьјў', '#ВаюВБ╝вЈёВѕЎВєї', '#ВаюВБ╝вЈёвДЏВДЉ', '#ВаюВБ╝вЈёВѓгВДё', '#ВаюВБ╝вЈёвфевЇИ', '#ВаюВБ╝вЈёВіцвЃЁ', '#ВаюВБ╝вЈёВѓ░В▒Ё', '#ВаюВБ╝вЈёЖ┤ђЖ┤Љ', '#ВаюВБ╝вЈёьЋФьћї', '#ВаюВБ╝вЈёВЏевћЕ', '#ВаюВБ╝вЈёЖ░ђв│╝вДїьЋюЖ││', '#ВаюВБ╝вЈёвЈёв»╝вДЏВДЉ', '#ьЋювЮ╝Вѓ░', '#ВаюВБ╝вЈёВЏевћЕВіцвЃЁ', '#ВаюВБ╝вЈёВѓгВДёвфЁВєї', '#ВаюВБ╝вЈё', '#jeju', '#ВЮ╝ВХю', '#ВЮ╝вф░', '#ВаюВБ╝вЈёВЌгьќЅВйћВіц', '#ВаюВБ╝вЈёВѕеВЮђвДЏВДЉ', '#ВюаВ▒ёЖйЃ', '#ВѕўЖхГ', '#Вѓ░В▒Ё']"
#ВЋёвЁюВіцВЮўВЋъВ╣ўвДѕ .вћ░вю╗ьЋю В░е ьЋюВъћВЮ┤ ВЃЮЖ░Ђвѓўвіћ ВџћВдў­Ъўё.ваѕвфгЖ│╝Вќ╝ЖиИваѕВЮ┤Ж░ђ ВЮ┤ваЄЖ▓ї ВъўВќ┤ВџИвдгвіћВДђ вф░въљвёцВџћ. ВџћВЃѕ вДцВЮ╝ вДѕВІюЖ│а Въѕвіћ ваѕвфгВќ╝ЖиИваѕВЮ┤ьІ░ВЌљВџћ. ваѕвфгЖ│╝ Вќ╝ЖиИваѕВЮ┤Ж░ђ вДївѓў ВЃЂьЂ╝ВћЂВЊИ ьќЦЖИІьЋ┤Вџћ­ЪўІ вћ░вю╗ьЋўЖ▓ївЈё вДЏвѓўЖ│а В░еЖ▓ї вДѕВЁћвЈё вДЏвѓўвІхвІѕвІцсЁјсЁј...­ЪЊїВБ╝В░евіћ Ж░ђЖ▓ї ВаЋвЕ┤ВЌљ ВўцвЦИВфй ВБ╝В░еВ╣ИВЌљ ВБ╝В░еьЋўВІюЖ│авДїВ░еВІю в░ћвІцв░ЕьќЦВю╝вАю ВЋй50в»Иьё░ ВаЋвЈё вѓ┤вацЖ░ђВІювЕ┤ВБ╝В░е ьЋўВІц Вѕў ВъѕВіхвІѕвІц­ЪцЌ.­ЪЊїв▓ёВіц ьЃЉВі╣ВІю 201в▓ѕ в▓ёВіц ьЃЉВі╣ьЋўВІюЖ│а ЖИѕВѓ░вфЕ ВаЋвЦўВъЦВЌљВёю вѓ┤вац в░ћвІц в░ЕьќЦВю╝вАю 3-5вХёВаЋвЈёвѓ┤вацВўцВІювЕ┤ вљЕвІѕвІц ­ЪцЌ...#ВаюВБ╝#ВаюВБ╝вЈё#9ВЏћВаюВБ╝вЈёЖ░ђв│╝вДїьЋюЖ││#8ВЏћВаюВБ╝вЈёЖ░ђв│╝вДїьЋюЖ││#ВаюВБ╝вЈёЖ┤ђЖ┤Љ#ВаюВБ╝вЈёЖ░ђв│╝вДїьЋюЖ││#ВаюВБ╝вЈёЖ┤ђЖ┤ЉВДђ#ВаюВБ╝вЈЎВфйЖ░ђв│╝вДїьЋюЖ││#ВаюВБ╝вЈёЖ░ѕвДїьЋюЖ││#ВаюВБ╝вЈЎвХђЖ░ђв│╝вДїьЋюЖ││#ВаюВБ╝В╣┤ьјў#ВаюВБ╝вЈёВ╣┤ьјў#ВаюВБ╝ВЌгьќЅВХћВ▓ю#ЖхгВбїВЮЇВ╣┤ьјў#JEJU#ьќЅВЏљвдгВ╣┤ьјў#ВаюВБ╝ЖхгВбїЖ░ђв│╝вДїьЋюЖ││#ВаюВБ╝вЈёЖ╝ГЖ░ђв┤љВЋ╝ьЋаЖ││#ВаюВБ╝ьЋФьћїваѕВЮ┤Віц#ВаюВБ╝вЈёВйћВіц#ви░ВбІВЮђВ╣┤ьјў#ВаюВБ╝ВЌгьќЅ#ВаюВБ╝вЈёвДЏВДЉВХћВ▓ю#ВЏћВаЋвдгВ╣┤ьјў#ВаюВБ╝вЈёВўѕВЂюВ╣┤ьјў#ВЏћВаЋвдгвДЏВДЉ#ВаюВБ╝вЈёьЋФьћїваѕВЮ┤Віц#ВаюВБ╝вЈёЖ╣їьјў#ВаюВБ╝вџюв▓ЁВЮ┤ВЌгьќЅ,2021-08-17,67,ВЋёвЁюВіцВЮўВЋъВ╣ўвДѕ,"['#ВЋёвЁюВіцВЮўВЋъВ╣ўвДѕ', '#ВаюВБ╝', '#ВаюВБ╝вЈё', '#9ВЏћВаюВБ╝вЈёЖ░ђв│╝вДїьЋюЖ││', '#8ВЏћВаюВБ╝вЈёЖ░ђв│╝вДїьЋюЖ││', '#ВаюВБ╝вЈёЖ┤ђЖ┤Љ', '#ВаюВБ╝вЈёЖ░ђв│╝вДїьЋюЖ││', '#ВаюВБ╝вЈёЖ┤ђЖ┤ЉВДђ', '#ВаюВБ╝вЈЎВфйЖ░ђв│╝вДїьЋюЖ││', '#ВаюВБ╝вЈёЖ░ѕвДїьЋюЖ││', '#ВаюВБ╝вЈЎвХђЖ░ђв│╝вДїьЋюЖ││', '#ВаюВБ╝В╣┤ьјў', '#ВаюВБ╝вЈёВ╣┤ьјў', '#ВаюВБ╝ВЌгьќЅВХћВ▓ю', '#ЖхгВбїВЮЇВ╣┤ьјў', '#JEJU', '#ьќЅВЏљвдгВ╣┤ьјў', '#ВаюВБ╝ЖхгВбїЖ░ђв│╝вДїьЋюЖ││', '#ВаюВБ╝вЈёЖ╝ГЖ░ђв┤љВЋ╝ьЋаЖ││', '#ВаюВБ╝ьЋФьћїваѕВЮ┤Віц', '#ВаюВБ╝вЈёВйћВіц', '#ви░ВбІВЮђВ╣┤ьјў', '#ВаюВБ╝ВЌгьќЅ', '#ВаюВБ╝вЈёвДЏВДЉВХћВ▓ю', '#ВЏћВаЋвдгВ╣┤ьјў', '#ВаюВБ╝вЈёВўѕВЂюВ╣┤ьјў', '#ВЏћВаЋвдгвДЏВДЉ', '#ВаюВБ╝вЈёьЋФьћїваѕВЮ┤Віц', '#ВаюВБ╝вЈёЖ╣їьјў', '#ВаюВБ╝вџюв▓ЁВЮ┤ВЌгьќЅ']"
"сєЇ'ВєћВўцвдё'ВЮђ ВїђВЮё ВїЊВЋё Вўгвд░ вфеВќЉВЮ┤вЮ╝Ж│а ьЋ┤Вёю 'ВїђВўцвдё',ьЋюВъљвАювіћ 'в»ИВЋЁВѓ░'ВЮ┤вЮ╝Ж│авЈё вХѕвацВџћ.вЉљ Ж░юВЮў в┤ЅВџ░вдгЖ░ђ Въѕвіћ ВєћВўцвдёВЮђ AВЎђ B ВйћВіцЖ░ђ ВъѕвіћвЇ░Вџћ,ьўёВъг AВйћВіцвіћ вДЅьўђВъѕВќ┤ BВйћВіцвАювДї Вѓ░ьќЅ Ж░ђвіЦьЋўвІхвІѕвІц.ВєћВўцвдё ВаЋВЃЂВЌљВёювіћ ВёХВёг, вгИВёг, в▓ћВёгВЮ┤ Вф╝вЦ┤вЦх вєЊВЮИ вфеВіхВЮё в│╝ Вѕў ВъѕвіћвЇ░Вџћ,ВєћВўцвдё ВБ╝В░еВъЦ Ж▒┤вёѕьјИВЌљ ВюёВ╣ўьЋю ВєћВўцвдё ВаёвДЮвїђВЌљВёю ЖиИ вфеВіхВЮё вЇћВџ▒ Ж░ђЖ╣їВЮ┤ в│╝ Вѕў ВъѕвІхвІѕвІц. вЇћВџ┤ ВЌгвдё, ВєћВўцвдёВЮё ьЋю в░ћьђ┤ вЈїЖ│а вѓ┤вацВЎђвДъВЮђьјИ ьЉИвЊюьіИвЪГВЌљВёю ьїївіћ ВІюВЏљьЋю ВЮївБї ьЋю Въћ вЊцВЮ┤В╝ювЕ┤ЖиИ ВѕюЖ░ёВЮ┤ в░ћвАю В▓юЖхГ ВЋёвІљЖ╣їВџћ? _­ЪџЕВёюЖиђьЈгВІю ВЮИВаЋВўцвдёвАю 387-63ВБ╝В░еВъЦo, ьЎћВъЦВІцo",2021-08-17,86,ВєћВўцвдё,[]
#ВЮИВіцьЃђВЮ╝ВЃЂ#вДъьїћВЮђвїЊ#ВЮИВіцьЃђвЇ░ВЮ╝вдг#ВєїьєхьЋЕВІювІц#ВєїьєхВбІВЋёВџћ#вДъьїћьЋ┤Вџћ#вДъьїћьЋўВъљ#ВєїьєхьЋ┤ВџћВџ░вдг#вДъьїћьЋўвЕ┤Вёаьїћ#ВёаьїћвДъьїћ#ВєїВєїьЋюьќЅв│х#вЇ░ВЮ╝вдг#вДъьїћВбІВЋёВџћ#вДъьїћвАюВџ░#ВёаьїћьЋўвЕ┤вДъьїћ#Вєїьєх#ВЮ╝ВЃЂ#ВєїьєхьЋ┤Вџћ#ВЮ╝ВЃЂЖиИвъе#вДъьїћ100#вДъьїћВєїьєх#вДъьїћвїЊ#вДъьїћ#вДъьїћВЮђвїЊЖИђ#ВєїьєхЖиИвъе#ВєїьєхьЎўВўЂ#ВёаьїћВЮђвДъьїћ#ьЋюВќЉвїђьћ╝Въљ#ВаюВБ╝вЈёЖ┤ђЖ┤Љ#ВіцВйўвДЏВДЉ,2021-08-17,30,,"['#ВЮИВіцьЃђВЮ╝ВЃЂ', '#вДъьїћВЮђвїЊ', '#ВЮИВіцьЃђвЇ░ВЮ╝вдг', '#ВєїьєхьЋЕВІювІц', '#ВєїьєхВбІВЋёВџћ', '#вДъьїћьЋ┤Вџћ', '#вДъьїћьЋўВъљ', '#ВєїьєхьЋ┤ВџћВџ░вдг', '#вДъьїћьЋўвЕ┤Вёаьїћ', '#ВёаьїћвДъьїћ', '#ВєїВєїьЋюьќЅв│х', '#вЇ░ВЮ╝вдг', '#вДъьїћВбІВЋёВџћ', '#вДъьїћвАюВџ░', '#ВёаьїћьЋўвЕ┤вДъьїћ', '#Вєїьєх', '#ВЮ╝ВЃЂ', '#ВєїьєхьЋ┤Вџћ', '#ВЮ╝ВЃЂЖиИвъе', '#вДъьїћ100', '#вДъьїћВєїьєх', '#вДъьїћвїЊ', '#вДъьїћ', '#вДъьїћВЮђвїЊЖИђ', '#ВєїьєхЖиИвъе', '#ВєїьєхьЎўВўЂ', '#ВёаьїћВЮђвДъьїћ', '#ьЋюВќЉвїђьћ╝Въљ', '#ВаюВБ╝вЈёЖ┤ђЖ┤Љ', '#ВіцВйўвДЏВДЉ']"
.ВЮИВіцьЃђЖиИвъеЖиИвъе!ВЮ┤Ваа ВёаьЃЮВЮ┤ ВЋёвІї ьЋёВѕўВъЁвІѕвІц!!.вг┤вБївАю ВЃЂВюёвЁИВХю в░Ев▓ЋЖ│╝ ВЮИВіцьЃђЖиИвъе Ж│ёВаЋ ВЃЂьЃювЦ╝ вХёВёЮ ьЋ┤вЊювдйвІѕвІц..ВЮИВіцьЃђВЋёВЮ┤вћћвЦ╝ вѓеЖ▓е вєЊВю╝вЕ┤ Ж▓░Ж│╝вЦ╝ ВЋївацвЊювдйвІѕвІц..РЎБ <ВхюЖ│аВЮў> Ж░ђВё▒в╣ё!!РЎБ <ВхюЖ│аВЮў> ьЎЇв│┤ьџеЖ│╝!РЎБ <ВхюЖ│аВЮў> Ж│ёВаЋЖ┤ђвдгРЎБ <ВхюЖ│аВЮў> ьњѕВДѕЖ┤ђвдг!РЎБ <ВхюЖ│аВЮў> Ж│аЖ░ЮЖ┤ђвдг!!!.Ж│аЖ░ЮвІўЖ│╝ Ж░ЎВЮ┤ Вё▒ВъЦьЋўвіћ в░ћвАю-ВіцьЃђЖ░ђ вљўЖ▓аВіхвІѕвІц.. ьЎѕьјўВЮ┤ВДђ: https://barostar.krВЃЂвІ┤: http://pf.kakao.com/_etnxjxb....#ВёгВЌгьќЅ #ВаюВБ╝вЈёЖ┤ђЖ┤Љ#ВєїьєхВєїьєх #ВаЋВёаВЌгьќЅ#1в░Ћ2ВЮ╝ВЌгьќЅ #В░ев░ЋВЌгьќЅ#вџюв▓ЁВЮ┤ВЌгьќЅ #Ж░ђВА▒ВЌгьќЅВХћВ▓ю#ьЃюВЋѕВЌгьќЅ #Вѕ▓ЖИИ#ВбІВЋёВџћв░ўВѓгвїЊ #ВўцВДђВ║аьЋЉ#ВаюВБ╝ВЌгьќЅВХћВ▓ю #Ж░ђВЮёВЌгьќЅ#вІ╣ВЮ╝ #ВЌгьќЅВЮђВдљЖ▒░ВЏї#вДъьїћВёаьїћ #ВЮ╝ВЃЂЖиИвъе#ВєїьєхьЎўВўЂ #вїЊЖИђьЎўВўЂ,2021-08-16,186,,"['#ВёгВЌгьќЅ', '#ВаюВБ╝вЈёЖ┤ђЖ┤Љ', '#ВєїьєхВєїьєх', '#ВаЋВёаВЌгьќЅ', '#1в░Ћ2ВЮ╝ВЌгьќЅ', '#В░ев░ЋВЌгьќЅ', '#вџюв▓ЁВЮ┤ВЌгьќЅ', '#Ж░ђВА▒ВЌгьќЅВХћВ▓ю', '#ьЃюВЋѕВЌгьќЅ', '#Вѕ▓ЖИИ', '#ВбІВЋёВџћв░ўВѓгвїЊ', '#ВўцВДђВ║аьЋЉ', '#ВаюВБ╝ВЌгьќЅВХћВ▓ю', '#Ж░ђВЮёВЌгьќЅ', '#вІ╣ВЮ╝', '#ВЌгьќЅВЮђВдљЖ▒░ВЏї', '#вДъьїћВёаьїћ', '#ВЮ╝ВЃЂЖиИвъе', '#ВєїьєхьЎўВўЂ', '#вїЊЖИђьЎўВўЂ']"
"#ВѓгВДёьЋюВъћВЮўВЌгВюаьЋ┤в░ћвЮ╝ЖИ░віћ ВДђЖ│аВъѕЖ│аВйћВіцвфеВіцвіћ ьћ╝Ж│аВъѕвЇўВё▒ВЮЇв»╝ВєЇвДѕВЮёвДЉВЮђвѓа ВбІВЋўвіћвЇ░, ВаюВБ╝ВЌљ в╣ёЖ░ђВќ╝вЦИЖиИВ│цВю╝вЕ┤!РађРађ­ЪЊЇВё▒ВЮЇв»╝ВєЇвДѕВЮё",2021-08-16,,Вё▒ВЮЇв»╝ВєЇвДѕВЮё,['#ВѓгВДёьЋюВъћВЮўВЌгВюаьЋ┤в░ћвЮ╝ЖИ░віћ']
"ВЋёвХђВўцвдё, ВЋъВўцвдё2020.05.23#ВаюВБ╝вЈё #jeju #ВаюВБ╝вЈёВЌгьќЅ #ВаюВБ╝вЈёьЋювІгВѓ┤ЖИ░ #ВаюВБ╝ьЋювІгВѓ┤ЖИ░ #ьЋювІгВѓ┤ЖИ░ #ВаюВБ╝ВЌгьќЅ #ВаюВБ╝вЈёЖ┤ђЖ┤Љ #ВаюВБ╝вЈёЖ┤ђЖ┤ЉВДђ #ВаюВБ╝вЈёЖ┤ђЖ┤ЉВДђВХћВ▓ю #ВаюВБ╝вЈёВЌгьќЅВДђ #ВаюВБ╝вЈёВЌгьќЅВДђВХћВ▓ю #ВаюВБ╝Ж░ђв│╝вДїьЋюЖ││ #ВаюВБ╝вЈёЖ░ђв│╝вДїьЋюЖ││ #ВаюВБ╝вЈёВўцвдёВХћВ▓ю #ВаюВБ╝ВўцвдёВХћВ▓ю #ВЮИВЃЮВЃи #ВЮИВЃЮВѓгВДё #ьћёВѓг #ьћёвАюьЋёВѓгВДё #ВаюВБ╝вЈёВЅгВџ┤Вўцвдё #ВаюВБ╝ВЅгВџ┤Вўцвдё #ВаюВБ╝вЈёВўцвдёВЅгВџ┤Ж││ #ВаюВБ╝ВўцвдёВЅгВџ┤Ж││ #ВаюВБ╝вЈёВўцвдёВЅгВџ┤ВйћВіц #ВаюВБ╝ВўцвдёВЅгВџ┤ВйћВіц #ВЋёвХђВўцвдё #ВЋъВўцвдё #ВаюВБ╝ВЋёвХђВўцвдё #ВаюВБ╝вЈёВЋёвХђВўцвдё",2021-08-16,23,ВЋёвХђВўцвдё,"['#ВаюВБ╝вЈё', '#jeju', '#ВаюВБ╝вЈёВЌгьќЅ', '#ВаюВБ╝вЈёьЋювІгВѓ┤ЖИ░', '#ВаюВБ╝ьЋювІгВѓ┤ЖИ░', '#ьЋювІгВѓ┤ЖИ░', '#ВаюВБ╝ВЌгьќЅ', '#ВаюВБ╝вЈёЖ┤ђЖ┤Љ', '#ВаюВБ╝вЈёЖ┤ђЖ┤ЉВДђ', '#ВаюВБ╝вЈёЖ┤ђЖ┤ЉВДђВХћВ▓ю', '#ВаюВБ╝вЈёВЌгьќЅВДђ', '#ВаюВБ╝вЈёВЌгьќЅВДђВХћВ▓ю', '#ВаюВБ╝Ж░ђв│╝вДїьЋюЖ││', '#ВаюВБ╝вЈёЖ░ђв│╝вДїьЋюЖ││', '#ВаюВБ╝вЈёВўцвдёВХћВ▓ю', '#ВаюВБ╝ВўцвдёВХћВ▓ю', '#ВЮИВЃЮВЃи', '#ВЮИВЃЮВѓгВДё', '#ьћёВѓг', '#ьћёвАюьЋёВѓгВДё', '#ВаюВБ╝вЈёВЅгВџ┤Вўцвдё', '#ВаюВБ╝ВЅгВџ┤Вўцвдё', '#ВаюВБ╝вЈёВўцвдёВЅгВџ┤Ж││', '#ВаюВБ╝ВўцвдёВЅгВџ┤Ж││', '#ВаюВБ╝вЈёВўцвдёВЅгВџ┤ВйћВіц', '#ВаюВБ╝ВўцвдёВЅгВџ┤ВйћВіц', '#ВЋёвХђВўцвдё', '#ВЋъВўцвдё', '#ВаюВБ╝ВЋёвХђВўцвдё', '#ВаюВБ╝вЈёВЋёвХђВўцвдё']"
#ВѓгВДёьЋюВъћВЮўВЌгВюаРађв░░вА▒вѓўвг┤Ж░ђ ВўѕВЂўЖ▓ї ЖйЃьЋђьЋГвфйВюаВаЂВДђьЮљвд░вѓаВЮ┤Вќ┤вЈёв░░вА▒вѓўвг┤Ж░ђ ьЎўьЋ┤Вёю Вўѕв╗цвЇўРађРађ­ЪЊЇВЋаВЏћВЮЇ Ж│аВё▒вдг 1126-1,2021-08-16,,ьЋГвфйВюаВаЂВДђ,['#ВѓгВДёьЋюВъћВЮўВЌгВюаРађв░░вА▒вѓўвг┤Ж░ђ']
"в░ћвІцЖ░ђ ьЌѕвЮйьЋўвіћьЋю Вџ░вдгвіћ ВўцвіўвЈё ВдљЖИ┤вІц!!! ВЮ┤Ж▓ї ВіцВ┐ав▓ёвІцВЮ┤в╣ЎВЮў вДцваЦ!!! В▓┤ьЌўвІцВЮ┤в╣ЎВЮђ Вќ┤вћћ!? ­ЪїЈВѓгвъїЖ│╝ Вџ░вдгЖ░ђ Вѓгвіћ ВДђЖхгвіћ Ваѕв░ўВЮ┤ВЃЂВЮ┤ вг╝вАю ВЮ┤вБеВќ┤ВаИВъѕВіхвІѕвІц.­ЪїЈ­ЪЎЁ­ЪЈ╗РђЇРЎѓ№ИЈВѓгвъїВЮў вфИВєЇВЮђ ьЃљьЌўьЋаВѕў ВЌєВДђвДї­ЪўЦ­ЪЉїВДђЖхгВЮў вг╝ВєЇВЮђ ВќИВаювЊаВДђ ьЃљьЌўьЋаВѕў ВъѕВіхвІѕвІц­Ъўю­ЪўЃHoliday віћ вІцвЦИВё╝ьё░ВЎђ В░ев│ёьЎћвљю ЖхгВё▒Вю╝вАю вфевЊа ВйћВіцвЦ╝ ВДёьќЅьЋЕвІѕвІц.­ЪўЇВаюВБ╝вЈёВЌљВёю ВЋѕВаёВЮё ВхюВџ░ВёаВю╝вАю ВЃЮЖ░ЂьЋўвіћ вІцВЮ┤в╣ЎВё╝ьё░ВъЁвІѕвІц.­ЪўјВхюЖ│аВЮў Ж░ЋВѓгВДёВю╝вАю вІцВЮ┤в▓ёВЌљЖ▓ї ьјИВЋѕьЋеВЮё ВаюЖ│хьЋЕвІѕвІц.­Ъј▓ВдљЖИИЖ▒░вдг­Ъј▓­ЪњјВ▓┤ьЌўвІцВЮ┤в╣Ў : 59,000ВЏљвХђьё░­ЪЏХ ьјђвІцВЮ┤в╣Ў : 120,000ВЏљвХђьё░­ЪјЊв░░ВџИЖ▒░вдг(­ЪјЊ­ЪџЉ PADI EFR : 150,000ВЏљ ­ЪЈЇ PADI #Scuba Diver(ВхюВєї 1ВЮ╝Ж│╝ВаЋ) : 300,000ВЏљ вХђьё░­ЪћЦ­Ъџ▓ PADI #Openwater Diver (ВхюВєї 2ВЮ╝Ж│╝ВаЋ) : 550,000ВЏљвХђьё░ ­Ъєњ­ЪЏх PADI #Advanced Openwater Diver (ВхюВєї 2ВЮ╝Ж│╝ВаЋ) : 550,000ВЏљвХђьё░ ­ЪњЦ­ЪџЌ PADI Openwater + Advanced (ВхюВєї 3ВЮ╝Ж│╝ВаЋ) : 850,000ВЏљвХђьё░ Рђ╝№ИЈ­ЪЈЦ PADI RESCUE Diver : 500,000ВЏљ­Ъџђ Ж░ЂВбЁ PADI Specialty : ВаёьЎћ вгИВЮў­ЪЈЏв░░ВџИЖ▒░вдг(PROвІеЖ│ё)­ЪЈЏ­ЪџЂPADI DIVEMASTER : 800,000ВЏљРюѕ№ИЈPADI OPENWATER INSTRUCTOR : ВаёьЎћвгИВЮў­ЪјЂ2021вЁё ЖхљВюА вЊ▒вАЮВІю 10вДїВЏљ ВЃЂвІ╣ВЮў Вёавг╝ ВдЮВаЋ­ЪјЂ­ЪЈа :  ВаюВБ╝ьі╣в│ёВъљВ╣ўвЈё ВёюЖиђьЈгВІю В╣аВІГвдгвАю91в▓ѕЖИИ 25­ЪЊъ : 010-2188-1337­ЪЊе : holidaydivingkorea@gmail.com­ЪЊ▒ : Kakao talk : divingkorea  Wechat : divingkorea #ВаюВБ╝вЈёВіцьѓеВіцВ┐ав▓ё #ВаюВБ╝вЈёВ▓┤ьЌўвІцВЮ┤в╣Ў #ВаюВБ╝вЈёВіцВ┐ав▓ёвІцВЮ┤в╣Ў #ВаюВБ╝вЈёВЌгьќЅ #ВаюВБ╝вЈёЖ┤ђЖ┤Љ#ВаюВБ╝вЈёВдљЖИИЖ▒░вдг#ВаюВБ╝вЈёВЮхВіцьіИвд╝#ВаюВБ╝вЈёвІцВЮ┤в╣Ў РђІ#В▓┤ьЌўвІцВЮ┤в╣Ў#ВіцьѓеВіцВ┐ав▓ё#ВіцВ┐ав▓ёвІцВЮ┤в╣Ў#holiday#Тхјтиът▓ЏТйюТ░┤#Тхјтиът▓Џ#ТйюТ░┤#ВўцьћѕВЏїьё░#PADI#scubadiving#scubadiverhttps://smartstore.naver.com/divingkorea",2021-08-16,44,Holiday Diving Korea,"['#Scuba', '#Openwater', '#Advanced', '#ВаюВБ╝вЈёВіцьѓеВіцВ┐ав▓ё', '#ВаюВБ╝вЈёВ▓┤ьЌўвІцВЮ┤в╣Ў', '#ВаюВБ╝вЈёВіцВ┐ав▓ёвІцВЮ┤в╣Ў', '#ВаюВБ╝вЈёВЌгьќЅ', '#ВаюВБ╝вЈёЖ┤ђЖ┤Љ', '#ВаюВБ╝вЈёВдљЖИИЖ▒░вдг', '#ВаюВБ╝вЈёВЮхВіцьіИвд╝', '#ВаюВБ╝вЈёвІцВЮ┤в╣Ў', '#В▓┤ьЌўвІцВЮ┤в╣Ў', '#ВіцьѓеВіцВ┐ав▓ё', '#ВіцВ┐ав▓ёвІцВЮ┤в╣Ў', '#holiday', '#Тхјтиът▓ЏТйюТ░┤', '#Тхјтиът▓Џ', '#ТйюТ░┤', '#ВўцьћѕВЏїьё░', '#PADI', '#scubadiving', '#scubadiverhttps://smartstore.naver.com/divingkorea']"
#ВѓгВДёьЋюВъћВЮўВЌгВюаРађв░░вА▒вѓўвг┤Ж░ђ ВўѕВЂўЖ▓ї ЖйЃьЋђьЋГвфйВюаВаЂВДђьЮљвд░вѓаВЮ┤Вќ┤вЈёв░░вА▒вѓўвг┤Ж░ђ ьЎўьЋ┤Вёю Вўѕв╗цвЇўРађРађ­ЪЊЇВЋаВЏћВЮЇ Ж│аВё▒вдг 1126-1,2021-08-16,,ьЋГвфйВюаВаЂВДђ,['#ВѓгВДёьЋюВъћВЮўВЌгВюаРађв░░вА▒вѓўвг┤Ж░ђ']
#ВѓгВДёьЋюВъћВЮўВЌгВюаРађв░░вА▒вѓўвг┤Ж░ђ ВўѕВЂўЖ▓ї ЖйЃьЋђьЋГвфйВюаВаЂВДђьЮљвд░вѓаВЮ┤Вќ┤вЈёв░░вА▒вѓўвг┤Ж░ђ ьЎўьЋ┤Вёю Вўѕв╗цвЇўРађРађ­ЪЊЇВЋаВЏћВЮЇ Ж│аВё▒вдг 1126-1,2021-08-16,,ьЋГвфйВюаВаЂВДђ,['#ВѓгВДёьЋюВъћВЮўВЌгВюаРађв░░вА▒вѓўвг┤Ж░ђ']
#ВЋёвЁюВіцВЮўВЋъВ╣ўвДѕ .ВџћВдў вѓаВћеЖ░ђ ВЎёВаё Ж░ђВЮё Ж░ЎВЋёВџћ~~~^^ВўцВІювіћ ВєљвІўвДѕвІц ВЋё ВХћВЏї!!ВЮ┤вЪгВІювЕ┤Вёю вЊцВќ┤ВўцВІавІцвіћ­Ъўё ВЮ┤в▓ѕ в╣ёЖ░ђ вІцЖиИВ╣ўвЕ┤ ВДёВДю Ж░ђВЮёВЮ┤ ВўцвіћЖ▒┤Ж░ђВџћ!!сЁјсЁјВЏћВџћВЮ╝ ВЋёВ╣е ВЋёвЁюВіцВЮў ВЋъВ╣ўвДѕ ьЎюВДЮВЌ┤ВЌѕВіхвІѕвІц~~^^...­ЪЊїВБ╝В░евіћ Ж░ђЖ▓ї ВаЋвЕ┤ВЌљ ВўцвЦИВфй ВБ╝В░еВ╣ИВЌљ ВБ╝В░еьЋўВІюЖ│авДїВ░еВІю в░ћвІцв░ЕьќЦВю╝вАю ВЋй50в»Иьё░ ВаЋвЈё вѓ┤вацЖ░ђВІювЕ┤ВБ╝В░е ьЋўВІц Вѕў ВъѕВіхвІѕвІц­ЪцЌ.­ЪЊїв▓ёВіц ьЃЉВі╣ВІю 201в▓ѕ в▓ёВіц ьЃЉВі╣ьЋўВІюЖ│а ЖИѕВѓ░вфЕ ВаЋвЦўВъЦВЌљВёю вѓ┤вац в░ћвІц в░ЕьќЦВю╝вАю 3-5вХёВаЋвЈёвѓ┤вацВўцВІювЕ┤ вљЕвІѕвІц ­ЪцЌ...#ВаюВБ╝#ВаюВБ╝вЈё#9ВЏћВаюВБ╝вЈёЖ░ђв│╝вДїьЋюЖ││#8ВЏћВаюВБ╝вЈёЖ░ђв│╝вДїьЋюЖ││#ВаюВБ╝вЈёЖ┤ђЖ┤Љ#ВаюВБ╝вЈёЖ░ђв│╝вДїьЋюЖ││#ВаюВБ╝вЈёЖ┤ђЖ┤ЉВДђ#ВаюВБ╝вЈЎВфйЖ░ђв│╝вДїьЋюЖ││#ВаюВБ╝вЈёЖ░ѕвДїьЋюЖ││#ВаюВБ╝вЈЎвХђЖ░ђв│╝вДїьЋюЖ││#ВаюВБ╝В╣┤ьјў#ВаюВБ╝вЈёВ╣┤ьјў#ВаюВБ╝ВЌгьќЅВХћВ▓ю#ЖхгВбїВЮЇВ╣┤ьјў#JEJU#ьќЅВЏљвдгВ╣┤ьјў#ВаюВБ╝ЖхгВбїЖ░ђв│╝вДїьЋюЖ││#ВаюВБ╝вЈёЖ╝ГЖ░ђв┤љВЋ╝ьЋаЖ││#ВаюВБ╝ьЋФьћїваѕВЮ┤Віц#ВаюВБ╝вЈёВйћВіц#ви░ВбІВЮђВ╣┤ьјў#ВаюВБ╝ВЌгьќЅ#ВаюВБ╝вЈёвДЏВДЉВХћВ▓ю#ВЏћВаЋвдгВ╣┤ьјў#ВаюВБ╝вЈёВўѕВЂюВ╣┤ьјў#ВаюВБ╝вЈёв╣ёВўгвЋїЖ░ђв│╝вДїьЋюЖ││ #ВаюВБ╝вЈёьЋФьћїваѕВЮ┤Віц#ВаюВБ╝вЈёЖ╣їьјў#ВаюВБ╝вџюв▓ЁВЮ┤ВЌгьќЅ,2021-08-16,94,ВЋёвЁюВіцВЮўВЋъВ╣ўвДѕ,"['#ВЋёвЁюВіцВЮўВЋъВ╣ўвДѕ', '#ВаюВБ╝', '#ВаюВБ╝вЈё', '#9ВЏћВаюВБ╝вЈёЖ░ђв│╝вДїьЋюЖ││', '#8ВЏћВаюВБ╝вЈёЖ░ђв│╝вДїьЋюЖ││', '#ВаюВБ╝вЈёЖ┤ђЖ┤Љ', '#ВаюВБ╝вЈёЖ░ђв│╝вДїьЋюЖ││', '#ВаюВБ╝вЈёЖ┤ђЖ┤ЉВДђ', '#ВаюВБ╝вЈЎВфйЖ░ђв│╝вДїьЋюЖ││', '#ВаюВБ╝вЈёЖ░ѕвДїьЋюЖ││', '#ВаюВБ╝вЈЎвХђЖ░ђв│╝вДїьЋюЖ││', '#ВаюВБ╝В╣┤ьјў', '#ВаюВБ╝вЈёВ╣┤ьјў', '#ВаюВБ╝ВЌгьќЅВХћВ▓ю', '#ЖхгВбїВЮЇВ╣┤ьјў', '#JEJU', '#ьќЅВЏљвдгВ╣┤ьјў', '#ВаюВБ╝ЖхгВбїЖ░ђв│╝вДїьЋюЖ││', '#ВаюВБ╝вЈёЖ╝ГЖ░ђв┤љВЋ╝ьЋаЖ││', '#ВаюВБ╝ьЋФьћїваѕВЮ┤Віц', '#ВаюВБ╝вЈёВйћВіц', '#ви░ВбІВЮђВ╣┤ьјў', '#ВаюВБ╝ВЌгьќЅ', '#ВаюВБ╝вЈёвДЏВДЉВХћВ▓ю', '#ВЏћВаЋвдгВ╣┤ьјў', '#ВаюВБ╝вЈёВўѕВЂюВ╣┤ьјў', '#ВаюВБ╝вЈёв╣ёВўгвЋїЖ░ђв│╝вДїьЋюЖ││', '#ВаюВБ╝вЈёьЋФьћїваѕВЮ┤Віц', '#ВаюВБ╝вЈёЖ╣їьјў', '#ВаюВБ╝вџюв▓ЁВЮ┤ВЌгьќЅ']"
..ьўёВъг ВЮИВіцьЃђЖ│ёВаЋ ВЃЂьЃювЦ╝ вХёВёЮьЋю Ж▓░Ж│╝ВЎђ Ж┤ђвдгьЋўвіћ в░Ев▓ЋВЮё вг┤вБївАю ВЋївацвЊювдйвІѕвІц..В╣┤ьєАВ▒ёвёљ(http://pf.kakao.com/_etnxjxb/chat)ВЌљ ВЋёВЮ┤вћћвЦ╝ вѓеЖ▓евєЊВю╝вЕ┤ вг┤вБївАю Ж▓░Ж│╝вЦ╝ ВўгвацвЊювдйвІѕвІц....#Ж░љВё▒ВЌгьќЅ #ВаюВБ╝вЈёЖ┤ђЖ┤Љ#ьїеьѓцВДђВЌгьќЅ #ВаЋВёаВЌгьќЅ#2в░Ћ3ВЮ╝ВЌгьќЅ #вЈёв│┤ВЌгьќЅ#ВІаьў╝ВЌгьќЅ #Ж░ђВА▒ВЌгьќЅВХћВ▓ю#в▓ёВіцВЌгьќЅ #вЉўваѕЖИИ#ВєїьєхьЋ┤Вџћ #ВўцВДђВ║аьЋЉ#ьЋ┤ВЎИВЌгьќЅВХћВ▓ю #ВАИВЌЁВЌгьќЅВѕўьЋЎВЌгьќЅ #ВЌгьќЅЖ░ђВъљ#вДъьїћВёаьїћ #ВЮ╝ВЃЂЖиИвъе#ВбІв░ўьЁївЪг #вДъьїћВіцьЃђЖиИвъе,2021-08-15,148,,"['#Ж░љВё▒ВЌгьќЅ', '#ВаюВБ╝вЈёЖ┤ђЖ┤Љ', '#ьїеьѓцВДђВЌгьќЅ', '#ВаЋВёаВЌгьќЅ', '#2в░Ћ3ВЮ╝ВЌгьќЅ', '#вЈёв│┤ВЌгьќЅ', '#ВІаьў╝ВЌгьќЅ', '#Ж░ђВА▒ВЌгьќЅВХћВ▓ю', '#в▓ёВіцВЌгьќЅ', '#вЉўваѕЖИИ', '#ВєїьєхьЋ┤Вџћ', '#ВўцВДђВ║аьЋЉ', '#ьЋ┤ВЎИВЌгьќЅВХћВ▓ю', '#ВАИВЌЁВЌгьќЅВѕўьЋЎВЌгьќЅ', '#ВЌгьќЅЖ░ђВъљ', '#вДъьїћВёаьїћ', '#ВЮ╝ВЃЂЖиИвъе', '#ВбІв░ўьЁївЪг', '#вДъьїћВіцьЃђЖиИвъе']"
ВаюВБ╝ ВіцВюёВіцвДѕВЮё2020.05.23#ВаюВБ╝вЈё #jeju #ВаюВБ╝вЈёВЌгьќЅ #ВаюВБ╝вЈёьЋювІгВѓ┤ЖИ░ #ВаюВБ╝ьЋювІгВѓ┤ЖИ░ #ьЋювІгВѓ┤ЖИ░ #ВаюВБ╝ВЌгьќЅ #ВаюВБ╝вЈёЖ┤ђЖ┤Љ #ВаюВБ╝вЈёЖ┤ђЖ┤ЉВДђ #ВаюВБ╝вЈёЖ┤ђЖ┤ЉВДђВХћВ▓ю #ВаюВБ╝вЈёВЌгьќЅВДђ #ВаюВБ╝вЈёВЌгьќЅВДђВХћВ▓ю #ВаюВБ╝Ж░ђв│╝вДїьЋюЖ││ #ВаюВБ╝вЈёЖ░ђв│╝вДїьЋюЖ││ #ВіцВюёВіцвДѕВЮё #ВаюВБ╝ВіцВюёВіцвДѕВЮё #ВаюВБ╝ВіцВюёВіцвДѕВЮё #ВаюВБ╝вЈёВіцВюёВіцвДѕВЮё #ВіцВюёВіцвДѕВЮёВаюВБ╝ #ВаюВБ╝вЈёВЮИВЃЮВЃи #ВаюВБ╝ВЮИВЃЮВЃи #ВЮИВЃЮВЃи #ВЮИВЃЮВѓгВДё #ьћёВѓг #ьћёвАюьЋёВѓгВДё #ВаюВБ╝ВЮИВЃЮВѓгВДё #ВаюВБ╝вЈёВЮИВЃЮВѓгВДё #ВіцВюёВіцвДѕВЮёВаюВБ╝вЈё #ВаюВБ╝вЈёВіцВюёВіц #ВаюВБ╝ВіцВюёВіц,2021-08-15,20,ВаюВБ╝ВА░В▓юВіцВюёВіцвДѕВЮё,"['#ВаюВБ╝вЈё', '#jeju', '#ВаюВБ╝вЈёВЌгьќЅ', '#ВаюВБ╝вЈёьЋювІгВѓ┤ЖИ░', '#ВаюВБ╝ьЋювІгВѓ┤ЖИ░', '#ьЋювІгВѓ┤ЖИ░', '#ВаюВБ╝ВЌгьќЅ', '#ВаюВБ╝вЈёЖ┤ђЖ┤Љ', '#ВаюВБ╝вЈёЖ┤ђЖ┤ЉВДђ', '#ВаюВБ╝вЈёЖ┤ђЖ┤ЉВДђВХћВ▓ю', '#ВаюВБ╝вЈёВЌгьќЅВДђ', '#ВаюВБ╝вЈёВЌгьќЅВДђВХћВ▓ю', '#ВаюВБ╝Ж░ђв│╝вДїьЋюЖ││', '#ВаюВБ╝вЈёЖ░ђв│╝вДїьЋюЖ││', '#ВіцВюёВіцвДѕВЮё', '#ВаюВБ╝ВіцВюёВіцвДѕВЮё', '#ВаюВБ╝ВіцВюёВіцвДѕВЮё', '#ВаюВБ╝вЈёВіцВюёВіцвДѕВЮё', '#ВіцВюёВіцвДѕВЮёВаюВБ╝', '#ВаюВБ╝вЈёВЮИВЃЮВЃи', '#ВаюВБ╝ВЮИВЃЮВЃи', '#ВЮИВЃЮВЃи', '#ВЮИВЃЮВѓгВДё', '#ьћёВѓг', '#ьћёвАюьЋёВѓгВДё', '#ВаюВБ╝ВЮИВЃЮВѓгВДё', '#ВаюВБ╝вЈёВЮИВЃЮВѓгВДё', '#ВіцВюёВіцвДѕВЮёВаюВБ╝вЈё', '#ВаюВБ╝вЈёВіцВюёВіц', '#ВаюВБ╝ВіцВюёВіц']"
ВДёВДю Вќ┤вќ╗ьЋўвЃљ..вёѕвг┤ ЖиђВЌйВъќВЋё!!!!,2021-08-15,64,ВаюВБ╝ ЖиИвд░вЇ░ВЮ┤ Ж▓їВіцьіИьЋўВџ░Віц 'GreenDay' jeju guesthouse & backpackers & hostel,[]
РЅцвХЅВЮђ в░Е - вХЅВЮђ ВЃЅВЮў ВА░ьЎћРЅЦВЋЎвдг вДѕьІ░ВіцРќц вХЅВЮђ в░Е РќцВЮ┤ ВЏљвъў ьїївъђВЃЅВЮ┤ВўђвЇў Ж▓ЃВЋїЖ│а Ж│ёВЁевѓўВџћ ? ­ЪДх­ЪДХ,2021-08-15,22,"ЖиИвїђ, вѓўВЮў в«цВдѕ",[]
#ВЋёвЁюВіцВЮўВЋъВ╣ўвДѕ.ВаюВБ╝вДљВ░еЖ░ђвБевЦ╝ вЊгв┐ЇвёБВќ┤ вДївЊа ВаюВБ╝вДљВ░еьюўвѓГВІюВЌљ въЇвІѕвІц~^^ ьюўвѓГВІюВЌљЖ░ђ ВєљЖ░ђвЮйВю╝вАю ВДЉВќ┤ве╣віћ Вќ┤ВЏљВЌљВёю ВЎћвІцЖ│а ьЋўвЇўвЇ░ Ваё ьюўвѓГВІюВЌљвЦ╝ В╣╝вАю ВіЦВіЦ ВъўвЮ╝  ьЈгьЂгвАю ве╣віћЖ▓ї вЇћ вДЏВъѕвЇћвЮ╝ЖхгВџћсЁјсЁј­ЪўІ В╗цьћ╝Ж░ђ ВѕаВѕавЊцВќ┤Ж░ђвіћ вДЏвѓю ьюўвѓГВІюВЌљ въЇвІѕвІц~^^..­ЪЊїВБ╝В░евіћ Ж░ђЖ▓ї ВаЋвЕ┤ВЌљ ВўцвЦИВфй ВБ╝В░еВ╣ИВЌљ ВБ╝В░еьЋўВІюЖ│авДїВ░еВІю в░ћвІцв░ЕьќЦВю╝вАю ВЋй50в»Иьё░ ВаЋвЈё вѓ┤вацЖ░ђВІювЕ┤ВБ╝В░е ьЋўВІц Вѕў ВъѕВіхвІѕвІц­ЪцЌ.­ЪЊїв▓ёВіц ьЃЉВі╣ВІю 201в▓ѕ в▓ёВіц ьЃЉВі╣ьЋўВІюЖ│а ЖИѕВѓ░вфЕ ВаЋвЦўВъЦВЌљВёю вѓ┤вац в░ћвІц в░ЕьќЦВю╝вАю 3-5вХёВаЋвЈёвѓ┤вацВўцВІювЕ┤ вљЕвІѕвІц ­ЪцЌ...#ВаюВБ╝#ВаюВБ╝вЈё#9ВЏћВаюВБ╝вЈёЖ░ђв│╝вДїьЋюЖ││#8ВЏћВаюВБ╝вЈёЖ░ђв│╝вДїьЋюЖ││#ВаюВБ╝вЈёЖ┤ђЖ┤Љ#ВаюВБ╝вЈёЖ░ђв│╝вДїьЋюЖ││#ВаюВБ╝вЈёЖ┤ђЖ┤ЉВДђ#ВаюВБ╝вЈЎВфйЖ░ђв│╝вДїьЋюЖ││#ВаюВБ╝вЈёЖ░ѕвДїьЋюЖ││#ВаюВБ╝вЈЎвХђЖ░ђв│╝вДїьЋюЖ││#ВаюВБ╝В╣┤ьјў#ВаюВБ╝вЈёВ╣┤ьјў#ВаюВБ╝ВЌгьќЅВХћВ▓ю#ЖхгВбїВЮЇВ╣┤ьјў#JEJU#ьќЅВЏљвдгВ╣┤ьјў#ВаюВБ╝ЖхгВбїЖ░ђв│╝вДїьЋюЖ││#ВаюВБ╝вЈёЖ╝ГЖ░ђв┤љВЋ╝ьЋаЖ││#ВаюВБ╝ьЋФьћїваѕВЮ┤Віц#ВаюВБ╝вЈёВйћВіц#ви░ВбІВЮђВ╣┤ьјў#ВаюВБ╝ВЌгьќЅ#ВаюВБ╝вЈёвДЏВДЉВХћВ▓ю#ВЏћВаЋвдгВ╣┤ьјў#ВаюВБ╝вЈёВўѕВЂюВ╣┤ьјў#ВЏћВаЋвдгвДЏВДЉ#ВаюВБ╝вЈёьЋФьћїваѕВЮ┤Віц#ВаюВБ╝вЈёЖ╣їьјў#ВаюВБ╝вџюв▓ЁВЮ┤ВЌгьќЅ,2021-08-15,75,ВЋёвЁюВіцВЮўВЋъВ╣ўвДѕ,"['#ВЋёвЁюВіцВЮўВЋъВ╣ўвДѕ.ВаюВБ╝вДљВ░еЖ░ђвБевЦ╝', '#ВаюВБ╝', '#ВаюВБ╝вЈё', '#9ВЏћВаюВБ╝вЈёЖ░ђв│╝вДїьЋюЖ││', '#8ВЏћВаюВБ╝вЈёЖ░ђв│╝вДїьЋюЖ││', '#ВаюВБ╝вЈёЖ┤ђЖ┤Љ', '#ВаюВБ╝вЈёЖ░ђв│╝вДїьЋюЖ││', '#ВаюВБ╝вЈёЖ┤ђЖ┤ЉВДђ', '#ВаюВБ╝вЈЎВфйЖ░ђв│╝вДїьЋюЖ││', '#ВаюВБ╝вЈёЖ░ѕвДїьЋюЖ││', '#ВаюВБ╝вЈЎвХђЖ░ђв│╝вДїьЋюЖ││', '#ВаюВБ╝В╣┤ьјў', '#ВаюВБ╝вЈёВ╣┤ьјў', '#ВаюВБ╝ВЌгьќЅВХћВ▓ю', '#ЖхгВбїВЮЇВ╣┤ьјў', '#JEJU', '#ьќЅВЏљвдгВ╣┤ьјў', '#ВаюВБ╝ЖхгВбїЖ░ђв│╝вДїьЋюЖ││', '#ВаюВБ╝вЈёЖ╝ГЖ░ђв┤љВЋ╝ьЋаЖ││', '#ВаюВБ╝ьЋФьћїваѕВЮ┤Віц', '#ВаюВБ╝вЈёВйћВіц', '#ви░ВбІВЮђВ╣┤ьјў', '#ВаюВБ╝ВЌгьќЅ', '#ВаюВБ╝вЈёвДЏВДЉВХћВ▓ю', '#ВЏћВаЋвдгВ╣┤ьјў', '#ВаюВБ╝вЈёВўѕВЂюВ╣┤ьјў', '#ВЏћВаЋвдгвДЏВДЉ', '#ВаюВБ╝вЈёьЋФьћїваѕВЮ┤Віц', '#ВаюВБ╝вЈёЖ╣їьјў', '#ВаюВБ╝вџюв▓ЁВЮ┤ВЌгьќЅ']"
"ВўцвіўВЮђ в▓ћВёгВЮ┤ ьЋюЖ▒┤ьќѕвёц вёѕВџИВЮђ ВА░ЖИѕ ВІгьќѕВДђвДї вг╝ВєЇВЮђ ьЈЅВўе ЖиИ ВъљВ▓┤!!! ­ЪїЈВѓгвъїЖ│╝ Вџ░вдгЖ░ђ Вѓгвіћ ВДђЖхгвіћ Ваѕв░ўВЮ┤ВЃЂВЮ┤ вг╝вАю ВЮ┤вБеВќ┤ВаИВъѕВіхвІѕвІц.­ЪїЈ­ЪЎЁ­ЪЈ╗РђЇРЎѓ№ИЈВѓгвъїВЮў вфИВєЇВЮђ ьЃљьЌўьЋаВѕў ВЌєВДђвДї­ЪўЦ­ЪЉїВДђЖхгВЮў вг╝ВєЇВЮђ ВќИВаювЊаВДђ ьЃљьЌўьЋаВѕў ВъѕВіхвІѕвІц­Ъўю­ЪўЃHoliday віћ вІцвЦИВё╝ьё░ВЎђ В░ев│ёьЎћвљю ЖхгВё▒Вю╝вАю вфевЊа ВйћВіцвЦ╝ ВДёьќЅьЋЕвІѕвІц.­ЪўЇВаюВБ╝вЈёВЌљВёю ВЋѕВаёВЮё ВхюВџ░ВёаВю╝вАю ВЃЮЖ░ЂьЋўвіћ вІцВЮ┤в╣ЎВё╝ьё░ВъЁвІѕвІц.­ЪўјВхюЖ│аВЮў Ж░ЋВѓгВДёВю╝вАю вІцВЮ┤в▓ёВЌљЖ▓ї ьјИВЋѕьЋеВЮё ВаюЖ│хьЋЕвІѕвІц.­Ъј▓ВдљЖИИЖ▒░вдг­Ъј▓­ЪњјВ▓┤ьЌўвІцВЮ┤в╣Ў : 59,000ВЏљвХђьё░­ЪЏХ ьјђвІцВЮ┤в╣Ў : 120,000ВЏљвХђьё░­ЪјЊв░░ВџИЖ▒░вдг(­ЪјЊ­ЪџЉ PADI EFR : 150,000ВЏљ ­ЪЈЇ PADI #Scuba Diver(ВхюВєї 1ВЮ╝Ж│╝ВаЋ) : 300,000ВЏљ вХђьё░­ЪћЦ­Ъџ▓ PADI #Openwater Diver (ВхюВєї 2ВЮ╝Ж│╝ВаЋ) : 550,000ВЏљвХђьё░ ­Ъєњ­ЪЏх PADI #Advanced Openwater Diver (ВхюВєї 2ВЮ╝Ж│╝ВаЋ) : 550,000ВЏљвХђьё░ ­ЪњЦ­ЪџЌ PADI Openwater + Advanced (ВхюВєї 3ВЮ╝Ж│╝ВаЋ) : 850,000ВЏљвХђьё░ Рђ╝№ИЈ­ЪЈЦ PADI RESCUE Diver : 500,000ВЏљ­Ъџђ Ж░ЂВбЁ PADI Specialty : ВаёьЎћ вгИВЮў­ЪЈЏв░░ВџИЖ▒░вдг(PROвІеЖ│ё)­ЪЈЏ­ЪџЂPADI DIVEMASTER : 800,000ВЏљРюѕ№ИЈPADI OPENWATER INSTRUCTOR : ВаёьЎћвгИВЮў­ЪјЂ2021вЁё ЖхљВюА вЊ▒вАЮВІю 10вДїВЏљ ВЃЂвІ╣ВЮў Вёавг╝ ВдЮВаЋ­ЪјЂ­ЪЈа :  ВаюВБ╝ьі╣в│ёВъљВ╣ўвЈё ВёюЖиђьЈгВІю В╣аВІГвдгвАю91в▓ѕЖИИ 25­ЪЊъ : 010-2188-1337­ЪЊе : holidaydivingkorea@gmail.com­ЪЊ▒ : Kakao talk : divingkorea  Wechat : divingkorea #ВаюВБ╝вЈёВіцьѓеВіцВ┐ав▓ё #ВаюВБ╝вЈёВ▓┤ьЌўвІцВЮ┤в╣Ў #ВаюВБ╝вЈёВіцВ┐ав▓ёвІцВЮ┤в╣Ў #ВаюВБ╝вЈёВЌгьќЅ #ВаюВБ╝вЈёЖ┤ђЖ┤Љ#ВаюВБ╝вЈёВдљЖИИЖ▒░вдг#ВаюВБ╝вЈёВЮхВіцьіИвд╝#ВаюВБ╝вЈёвІцВЮ┤в╣Ў РђІ#В▓┤ьЌўвІцВЮ┤в╣Ў#ВіцьѓеВіцВ┐ав▓ё#ВіцВ┐ав▓ёвІцВЮ┤в╣Ў#holiday#Тхјтиът▓ЏТйюТ░┤#Тхјтиът▓Џ#ТйюТ░┤#ВўцьћѕВЏїьё░#PADI#scubadiving#scubadiverhttps://smartstore.naver.com/divingkorea",2021-08-15,37,Holiday Diving Korea,"['#Scuba', '#Openwater', '#Advanced', '#ВаюВБ╝вЈёВіцьѓеВіцВ┐ав▓ё', '#ВаюВБ╝вЈёВ▓┤ьЌўвІцВЮ┤в╣Ў', '#ВаюВБ╝вЈёВіцВ┐ав▓ёвІцВЮ┤в╣Ў', '#ВаюВБ╝вЈёВЌгьќЅ', '#ВаюВБ╝вЈёЖ┤ђЖ┤Љ', '#ВаюВБ╝вЈёВдљЖИИЖ▒░вдг', '#ВаюВБ╝вЈёВЮхВіцьіИвд╝', '#ВаюВБ╝вЈёвІцВЮ┤в╣Ў', '#В▓┤ьЌўвІцВЮ┤в╣Ў', '#ВіцьѓеВіцВ┐ав▓ё', '#ВіцВ┐ав▓ёвІцВЮ┤в╣Ў', '#holiday', '#Тхјтиът▓ЏТйюТ░┤', '#Тхјтиът▓Џ', '#ТйюТ░┤', '#ВўцьћѕВЏїьё░', '#PADI', '#scubadiving', '#scubadiverhttps://smartstore.naver.com/divingkorea']"
-вЈЎв░▒ьѓцВ╣ю ВєЇ ВъЉВЮђЖ░љВё▒ ВЋЁВёИВѓгвдг­ЪДАвЈЎв░▒ВЃЙ­ЪДАвѓаВћеЖ░ђ Ваюв▓Ћ Ж░ђВЮёВіцвЪгВЏїВАїВќ┤Вџћ!ЖиИвъўВёю ЖиИвЪ░ВДђ ВЁђвБ░вАюВўцВдѕ ВДЉЖ▓їьЋђ Ж░ђВЮёВІаВЃЂ ВДёВЌ┤ ьЋўВъљвДѕВъљ ВДЉВќ┤Ж░ђВБ╝ВІювёцВџћ­ЪЎіВЮИЖИ░вДјвЇў ВЌгвдёВаюьњѕЖ│╝ Ж░ЎВЮђвЮ╝ВЮИВЮ┤ВЌљВџћ!ВЋъВю╝вАю ВІаВЃЂ ВГЅ вЊцВќ┤ВЎђВџЕ ЖхгЖ▓йВўцВёИВџћ­ЪЉђ@jeju_dongbaek_kitchen вЈЎв░▒ьѓцВ╣ю ВєЇ ВъЉВЮђЖ░љВё▒ВЋЁВёИВѓгвдгВЃЙРюеВўЂВЌЁВІюЖ░ёВЮђ вЈЎв░▒ьѓцВ╣юЖ│╝ Ж░ЎВЋёВџћ!Open 11:00Close 20:00вфЕВџћВЮ╝ВЮђ ью┤вг┤ВъЁвІѕвІц.вЕћвЅ┤ЖИ░вІцвдгВІювіћ вЈЎВЋѕ ЖхгЖ▓йьЋўЖИ░вЈё ВбІВЋёВџћ­Ъўі--#ВаюВБ╝вЈё #ВаюВБ╝ВёюВфй #ьЋювд╝ #ьўЉВъг #ВЋаВЏћ #ВаюВБ╝Ж░ђв│╝вДїьЋюЖ││ #ВаюВБ╝вЈёЖ┤ђЖ┤Љ#ьўЉВъгьЋ┤ВѕўВџЋВъЦ #ЖИѕвіЦьЋ┤ВѕўВџЋВъЦ #Ж░љВё▒Вєїьњѕ #Ж░љВё▒ #ВЋЁВёИВѓгвдг #вЈЎв░▒ьѓцВ╣ю #ьїїВіцьЃђвДЏВДЉ #ьЋювд╝вДЏВДЉ #ВаюВБ╝вЈёв»╝вДЏВДЉ #ВЮ┤Вќ┤вДЂ #ЖиђЖ▒ИВЮ┤ #в░ўВДђ #ВЏљВёЮв░ўВДђ #ВЏљВёЮЖиђЖ▒ИВЮ┤ #ВІцв▓ёВЋЁВёИВѓгвдг #ВІцв▓ё925 #Ж░љВё▒ВЃЙ #ьћёвъЉВіцВѓ░ #ВЁђвБ░вАюВўцВдѕ#ВЁђвБ░вАюВўцВіц #ВДЉЖ▓їьЋђ #ВіцьЃђВЮ╝вДЂ #ootd,2021-08-15,21,ВаюВБ╝вЈё ьЋювд╝,"['#ВаюВБ╝вЈё', '#ВаюВБ╝ВёюВфй', '#ьЋювд╝', '#ьўЉВъг', '#ВЋаВЏћ', '#ВаюВБ╝Ж░ђв│╝вДїьЋюЖ││', '#ВаюВБ╝вЈёЖ┤ђЖ┤Љ', '#ьўЉВъгьЋ┤ВѕўВџЋВъЦ', '#ЖИѕвіЦьЋ┤ВѕўВџЋВъЦ', '#Ж░љВё▒Вєїьњѕ', '#Ж░љВё▒', '#ВЋЁВёИВѓгвдг', '#вЈЎв░▒ьѓцВ╣ю', '#ьїїВіцьЃђвДЏВДЉ', '#ьЋювд╝вДЏВДЉ', '#ВаюВБ╝вЈёв»╝вДЏВДЉ', '#ВЮ┤Вќ┤вДЂ', '#ЖиђЖ▒ИВЮ┤', '#в░ўВДђ', '#ВЏљВёЮв░ўВДђ', '#ВЏљВёЮЖиђЖ▒ИВЮ┤', '#ВІцв▓ёВЋЁВёИВѓгвдг', '#ВІцв▓ё925', '#Ж░љВё▒ВЃЙ', '#ьћёвъЉВіцВѓ░', '#ВЁђвБ░вАюВўцВдѕ', '#ВЁђвБ░вАюВўцВіц', '#ВДЉЖ▓їьЋђ', '#ВіцьЃђВЮ╝вДЂ', '#ootd']"
#ВЋёвЁюВіцВЮўВЋъВ╣ўвДѕ .ВўцвъФвДїВЌљ в╣ёЖ░ђ ВЋѕВўцвёцВџћ­Ъўђ ВЋёвЁюВіцВЮў ВЋъВ╣ўвДѕ ьЎюВДЮ ВЌ┤ВЌѕВіхвІѕвІц. ВўцвіўвЈё 7ВІюЖ╣їВДђ ВЌ┤Вќ┤вЉўЖ╗ўВџћРЮцРЮц.­ЪЊїВБ╝В░евіћ Ж░ђЖ▓ї ВаЋвЕ┤ВЌљ ВўцвЦИВфй ВБ╝В░еВ╣ИВЌљ ВБ╝В░еьЋўВІюЖ│авДїВ░еВІю в░ћвІцв░ЕьќЦВю╝вАю ВЋй50в»Иьё░ ВаЋвЈё вѓ┤вацЖ░ђВІювЕ┤ВБ╝В░е ьЋўВІц Вѕў ВъѕВіхвІѕвІц­ЪцЌ.­ЪЊїв▓ёВіц ьЃЉВі╣ВІю 201в▓ѕ в▓ёВіц ьЃЉВі╣ьЋўВІюЖ│а ЖИѕВѓ░вфЕ ВаЋвЦўВъЦВЌљВёю вѓ┤вац в░ћвІц в░ЕьќЦВю╝вАю 3-5вХёВаЋвЈёвѓ┤вацВўцВІювЕ┤ вљЕвІѕвІц ­ЪцЌ...#ВаюВБ╝#ВаюВБ╝вЈё#9ВЏћВаюВБ╝вЈёЖ░ђв│╝вДїьЋюЖ││#8ВЏћВаюВБ╝вЈёЖ░ђв│╝вДїьЋюЖ││#ВаюВБ╝вЈёЖ┤ђЖ┤Љ#ВаюВБ╝вЈёЖ░ђв│╝вДїьЋюЖ││#ВаюВБ╝вЈёЖ┤ђЖ┤ЉВДђ#ВаюВБ╝вЈЎВфйЖ░ђв│╝вДїьЋюЖ││#ВаюВБ╝вЈёЖ░ѕвДїьЋюЖ││#ВаюВБ╝вЈЎвХђЖ░ђв│╝вДїьЋюЖ││#ВаюВБ╝В╣┤ьјў#ВаюВБ╝вЈёВ╣┤ьјў#ВаюВБ╝ВЌгьќЅВХћВ▓ю#ЖхгВбїВЮЇВ╣┤ьјў#JEJU#ьќЅВЏљвдгВ╣┤ьјў#ВаюВБ╝ЖхгВбїЖ░ђв│╝вДїьЋюЖ││#ВаюВБ╝вЈёЖ╝ГЖ░ђв┤љВЋ╝ьЋаЖ││#ВаюВБ╝ьЋФьћїваѕВЮ┤Віц#ВаюВБ╝вЈёВйћВіц#ви░ВбІВЮђВ╣┤ьјў#ВаюВБ╝ВЌгьќЅ#ВаюВБ╝вЈёвДЏВДЉВХћВ▓ю#ВЏћВаЋвдгВ╣┤ьјў#ВаюВБ╝вЈёВўѕВЂюВ╣┤ьјў#ВЏћВаЋвдгвДЏВДЉ#ВаюВБ╝вЈёьЋФьћїваѕВЮ┤Віц#ВаюВБ╝вЈёЖ╣їьјў#ВаюВБ╝вџюв▓ЁВЮ┤ВЌгьќЅ,2021-08-15,84,ВЋёвЁюВіцВЮўВЋъВ╣ўвДѕ,"['#ВЋёвЁюВіцВЮўВЋъВ╣ўвДѕ', '#ВаюВБ╝', '#ВаюВБ╝вЈё', '#9ВЏћВаюВБ╝вЈёЖ░ђв│╝вДїьЋюЖ││', '#8ВЏћВаюВБ╝вЈёЖ░ђв│╝вДїьЋюЖ││', '#ВаюВБ╝вЈёЖ┤ђЖ┤Љ', '#ВаюВБ╝вЈёЖ░ђв│╝вДїьЋюЖ││', '#ВаюВБ╝вЈёЖ┤ђЖ┤ЉВДђ', '#ВаюВБ╝вЈЎВфйЖ░ђв│╝вДїьЋюЖ││', '#ВаюВБ╝вЈёЖ░ѕвДїьЋюЖ││', '#ВаюВБ╝вЈЎвХђЖ░ђв│╝вДїьЋюЖ││', '#ВаюВБ╝В╣┤ьјў', '#ВаюВБ╝вЈёВ╣┤ьјў', '#ВаюВБ╝ВЌгьќЅВХћВ▓ю', '#ЖхгВбїВЮЇВ╣┤ьјў', '#JEJU', '#ьќЅВЏљвдгВ╣┤ьјў', '#ВаюВБ╝ЖхгВбїЖ░ђв│╝вДїьЋюЖ││', '#ВаюВБ╝вЈёЖ╝ГЖ░ђв┤љВЋ╝ьЋаЖ││', '#ВаюВБ╝ьЋФьћїваѕВЮ┤Віц', '#ВаюВБ╝вЈёВйћВіц', '#ви░ВбІВЮђВ╣┤ьјў', '#ВаюВБ╝ВЌгьќЅ', '#ВаюВБ╝вЈёвДЏВДЉВХћВ▓ю', '#ВЏћВаЋвдгВ╣┤ьјў', '#ВаюВБ╝вЈёВўѕВЂюВ╣┤ьјў', '#ВЏћВаЋвдгвДЏВДЉ', '#ВаюВБ╝вЈёьЋФьћїваѕВЮ┤Віц', '#ВаюВБ╝вЈёЖ╣їьјў', '#ВаюВБ╝вџюв▓ЁВЮ┤ВЌгьќЅ']"
#вЈїВЌ╝ВаёвЁИВЮё #ЖхгВЌёвдгвЈїВЌ╝Ваё #вЁИВЮёв╣Џ #ВаюВБ╝ВађвЁЂьЋўвіў­ЪїЎ #ВађвЁЂвЁИВЮё#ВаюВБ╝Ж░ђв│╝вДїьЋюЖ││ #ВаюВБ╝вЈёЖ┤ђЖ┤Љ #ВЋаВЏћВЮЇьЋ┤ВЋѕвЈёвАю #В║љвЁ╝ВЮ┤в»ИВДђВіцьєав░Ї #ВєїьўИьЋюьќЅв│х,2021-08-14,41,,"['#вЈїВЌ╝ВаёвЁИВЮё', '#ЖхгВЌёвдгвЈїВЌ╝Ваё', '#вЁИВЮёв╣Џ', '#ВаюВБ╝ВађвЁЂьЋўвіў­ЪїЎ', '#ВађвЁЂвЁИВЮё', '#ВаюВБ╝Ж░ђв│╝вДїьЋюЖ││', '#ВаюВБ╝вЈёЖ┤ђЖ┤Љ', '#ВЋаВЏћВЮЇьЋ┤ВЋѕвЈёвАю', '#В║љвЁ╝ВЮ┤в»ИВДђВіцьєав░Ї', '#ВєїьўИьЋюьќЅв│х']"
#210624 #ВаюВБ╝Вѓ┤ВЮ┤ #16ВЮ╝В░еВіцьЃГ вДїВъЦВЮ╝В╣ўвАю вДїВъЦЖх┤ вІцвЁђВўе вѓа,2021-08-14,121,Manjanggul Lava Cave.,"['#210624', '#ВаюВБ╝Вѓ┤ВЮ┤', '#16ВЮ╝В░еВіцьЃГ']"
#ВаюВБ╝вЈёьЃЮВІюьѕгВќ┤ #вЁИьўЋВіѕьЇ╝вДѕВ╝Ў #ВаюВБ╝ьЃЮВІюьѕгВќ┤ #ВаюВБ╝вЈёВЌгьќЅ #ВаюВБ╝вЈёЖ┤ђЖ┤Љ #ВаюВБ╝вЈёВЈавЮ╝ьІ░ #ВаюВБ╝вЈёв»ИвІѕв▓ёВіц #ВаюВБ╝вЈёЖ┤ђЖ┤Љв▓ёВіц #ВаюВБ╝вЈёВІцвѓ┤Ж┤ђЖ┤ЉВДђ #ВаюВБ╝ВІцвѓ┤Ж┤ђЖ┤ЉВДђ #ВаюВБ╝в╣ёВўцвіћвѓа #ВаюВБ╝вЈёв╣ёВўгвЋїЖ░ђв│╝вДїьЋюЖ││ #ВаюВБ╝в╣ёВўцвіћвѓаЖ░ђв│╝вДїьЋюЖ││ #ьЃљвЮ╝ВЌгьќЅВѓг #064-711-4577,2021-08-14,8,,"['#ВаюВБ╝вЈёьЃЮВІюьѕгВќ┤', '#вЁИьўЋВіѕьЇ╝вДѕВ╝Ў', '#ВаюВБ╝ьЃЮВІюьѕгВќ┤', '#ВаюВБ╝вЈёВЌгьќЅ', '#ВаюВБ╝вЈёЖ┤ђЖ┤Љ', '#ВаюВБ╝вЈёВЈавЮ╝ьІ░', '#ВаюВБ╝вЈёв»ИвІѕв▓ёВіц', '#ВаюВБ╝вЈёЖ┤ђЖ┤Љв▓ёВіц', '#ВаюВБ╝вЈёВІцвѓ┤Ж┤ђЖ┤ЉВДђ', '#ВаюВБ╝ВІцвѓ┤Ж┤ђЖ┤ЉВДђ', '#ВаюВБ╝в╣ёВўцвіћвѓа', '#ВаюВБ╝вЈёв╣ёВўгвЋїЖ░ђв│╝вДїьЋюЖ││', '#ВаюВБ╝в╣ёВўцвіћвѓаЖ░ђв│╝вДїьЋюЖ││', '#ьЃљвЮ╝ВЌгьќЅВѓг', '#064-711-4577']"
#ВаюВБ╝вЈёЖ┤ђЖ┤Љ #ВаюВБ╝в░ћвІц#ВЋаВЏћВЮЇ#ВаюВБ╝ВёюВфйьЋГЖхг #ВаюВБ╝ВЮ╝вф░#ВаюВБ╝ьЋўвіў #В║љвЁ╝ВЮ┤в»ИВДђВіцьєав░Ї #ВєїВєїьЋюВЮ┤ВЋ╝ЖИ░,2021-08-14,47,,"['#ВаюВБ╝вЈёЖ┤ђЖ┤Љ', '#ВаюВБ╝в░ћвІц', '#ВЋаВЏћВЮЇ', '#ВаюВБ╝ВёюВфйьЋГЖхг', '#ВаюВБ╝ВЮ╝вф░', '#ВаюВБ╝ьЋўвіў', '#В║љвЁ╝ВЮ┤в»ИВДђВіцьєав░Ї', '#ВєїВєїьЋюВЮ┤ВЋ╝ЖИ░']"
#ВЋёвЁюВіцВЮўВЋъВ╣ўвДѕ.ВађьЮгВ╣┤ьјў Вац ВъўвѓўЖ░ђвіћвЕћвЅ┤Ж░ђ Вџ░вЈёвЋЁВйЕьЂгвд╝вЮ╝вќ╝ Ж▒░вЊаВџћ~~^^­ЪЉЇЖиИвъўВёю вЕћвЅ┤ВЌљ ВЃѕвАю ВЃЮЖИ┤  вЋЁВйЕВбІВЋёьЋўВІювіћ вХёвЊц ВюёьЋю~~^^ Вџ░вЈёвЋЁВйЕВіцВйўВЮ┤ВЌљВџћ­ЪўІ ВўцвіўЖ░ЎВЮ┤ в╣ёВўцвіћвѓаВЌћ В░йЖ░ђВЌљ ВЋЅВЋёВёю ВіцВйўЖ│╝ вћ░вю╗ьЋю В╗цьЊїьЋюВъћьЋўвЕ░ вЕЇвЋївдгЖ│а ВІХвёцВџћсЁјсЁјв╣ЌЖИИВџ┤ВаёВА░ВІгьЋўВёИВџћРЮц..­ЪЊїВБ╝В░евіћ Ж░ђЖ▓ї ВаЋвЕ┤ВЌљ ВўцвЦИВфй ВБ╝В░еВ╣ИВЌљ ВБ╝В░еьЋўВІюЖ│авДїВ░еВІю в░ћвІцв░ЕьќЦВю╝вАю ВЋй50в»Иьё░ ВаЋвЈё вѓ┤вацЖ░ђВІювЕ┤ВБ╝В░е ьЋўВІц Вѕў ВъѕВіхвІѕвІц­ЪцЌ.­ЪЊїв▓ёВіц ьЃЉВі╣ВІю 201в▓ѕ в▓ёВіц ьЃЉВі╣ьЋўВІюЖ│а ЖИѕВѓ░вфЕ ВаЋвЦўВъЦВЌљВёю вѓ┤вац в░ћвІц в░ЕьќЦВю╝вАю 3-5вХёВаЋвЈёвѓ┤вацВўцВІювЕ┤ вљЕвІѕвІц ­ЪцЌ...#ВаюВБ╝#ВаюВБ╝вЈё#9ВЏћВаюВБ╝вЈёЖ░ђв│╝вДїьЋюЖ││#8ВЏћВаюВБ╝вЈёЖ░ђв│╝вДїьЋюЖ││#ВаюВБ╝вЈёЖ┤ђЖ┤Љ#ВаюВБ╝вЈёЖ░ђв│╝вДїьЋюЖ││#ВаюВБ╝вЈёЖ┤ђЖ┤ЉВДђ#ВаюВБ╝вЈЎВфйЖ░ђв│╝вДїьЋюЖ││#ВаюВБ╝вЈёЖ░ѕвДїьЋюЖ││#ВаюВБ╝вЈЎвХђЖ░ђв│╝вДїьЋюЖ││#ВаюВБ╝В╣┤ьјў#ВаюВБ╝вЈёВ╣┤ьјў#ВаюВБ╝ВЌгьќЅВХћВ▓ю#ЖхгВбїВЮЇВ╣┤ьјў#JEJU#ьќЅВЏљвдгВ╣┤ьјў#ВаюВБ╝ЖхгВбїЖ░ђв│╝вДїьЋюЖ││#ВаюВБ╝вЈёЖ╝ГЖ░ђв┤љВЋ╝ьЋаЖ││#ВаюВБ╝ьЋФьћїваѕВЮ┤Віц#ВаюВБ╝вЈёВйћВіц#ви░ВбІВЮђВ╣┤ьјў#ВаюВБ╝ВЌгьќЅ#ВаюВБ╝вЈёвДЏВДЉВХћВ▓ю#ВЏћВаЋвдгВ╣┤ьјў#ВаюВБ╝вЈёВўѕВЂюВ╣┤ьјў#ВаюВБ╝в╣ёВўгвЋїЖ░ђв│╝вДїьЋюЖ││#ВаюВБ╝вЈёьЋФьћїваѕВЮ┤Віц#ВаюВБ╝вЈёЖ╣їьјў#ВаюВБ╝вџюв▓ЁВЮ┤ВЌгьќЅ,2021-08-14,69,ВЋёвЁюВіцВЮўВЋъВ╣ўвДѕ,"['#ВЋёвЁюВіцВЮўВЋъВ╣ўвДѕ.ВађьЮгВ╣┤ьјў', '#ВаюВБ╝', '#ВаюВБ╝вЈё', '#9ВЏћВаюВБ╝вЈёЖ░ђв│╝вДїьЋюЖ││', '#8ВЏћВаюВБ╝вЈёЖ░ђв│╝вДїьЋюЖ││', '#ВаюВБ╝вЈёЖ┤ђЖ┤Љ', '#ВаюВБ╝вЈёЖ░ђв│╝вДїьЋюЖ││', '#ВаюВБ╝вЈёЖ┤ђЖ┤ЉВДђ', '#ВаюВБ╝вЈЎВфйЖ░ђв│╝вДїьЋюЖ││', '#ВаюВБ╝вЈёЖ░ѕвДїьЋюЖ││', '#ВаюВБ╝вЈЎвХђЖ░ђв│╝вДїьЋюЖ││', '#ВаюВБ╝В╣┤ьјў', '#ВаюВБ╝вЈёВ╣┤ьјў', '#ВаюВБ╝ВЌгьќЅВХћВ▓ю', '#ЖхгВбїВЮЇВ╣┤ьјў', '#JEJU', '#ьќЅВЏљвдгВ╣┤ьјў', '#ВаюВБ╝ЖхгВбїЖ░ђв│╝вДїьЋюЖ││', '#ВаюВБ╝вЈёЖ╝ГЖ░ђв┤љВЋ╝ьЋаЖ││', '#ВаюВБ╝ьЋФьћїваѕВЮ┤Віц', '#ВаюВБ╝вЈёВйћВіц', '#ви░ВбІВЮђВ╣┤ьјў', '#ВаюВБ╝ВЌгьќЅ', '#ВаюВБ╝вЈёвДЏВДЉВХћВ▓ю', '#ВЏћВаЋвдгВ╣┤ьјў', '#ВаюВБ╝вЈёВўѕВЂюВ╣┤ьјў', '#ВаюВБ╝в╣ёВўгвЋїЖ░ђв│╝вДїьЋюЖ││', '#ВаюВБ╝вЈёьЋФьћїваѕВЮ┤Віц', '#ВаюВБ╝вЈёЖ╣їьјў', '#ВаюВБ╝вџюв▓ЁВЮ┤ВЌгьќЅ']"
~~ьўёВъг ВЮИВіцьЃђЖ│ёВаЋ ВЃЂьЃювЦ╝ вХёВёЮьЋю Ж▓░Ж│╝ВЎђ Ж┤ђвдгьЋўвіћ в░Ев▓ЋВЮё вг┤вБївАю ВЋївацвЊювдйвІѕвІц.~В╣┤ьєАВ▒ёвёљ(http://pf.kakao.com/_etnxjxb/chat)ВЌљ ВЋёВЮ┤вћћвЦ╝ вѓеЖ▓евєЊВю╝вЕ┤ вг┤вБївАю Ж▓░Ж│╝вЦ╝ ВўгвацвЊювдйвІѕвІц.~~~#ВѕювАђВЌгьќЅ #ВаюВБ╝вЈёЖ┤ђЖ┤Љ#ьїеьѓцВДђВЌгьќЅ #ВаЋВёаВЌгьќЅ#2в░Ћ3ВЮ╝ВЌгьќЅ #В░ев░ЋВЌгьќЅ#вџюв▓ЁВЮ┤ВЌгьќЅ #вДъьїћьЎўВўЂьЋ┤Вџћ#в▓ёВіцВЌгьќЅ #Вѓ░ВЋЁВЌгьќЅ#ВбІВЋёВџћв░ўВѓгвїЊ #ВўцВДђВ║аьЋЉ#вХђВѓ░ВЌгьќЅВХћВ▓ю #Ж░ђВЮёВЌгьќЅ#вІ╣ВЮ╝ #ВдљЖ▒░Вџ┤ВЌгьќЅ#вДъьїћьЋ┤ВЌг #ВЮ╝ВЃЂВєїьєх#вїЊЖИђ.Вєїьєх #ВЮ╝ВЃЂЖИ░вАЮ,2021-08-13,126,,"['#ВѕювАђВЌгьќЅ', '#ВаюВБ╝вЈёЖ┤ђЖ┤Љ', '#ьїеьѓцВДђВЌгьќЅ', '#ВаЋВёаВЌгьќЅ', '#2в░Ћ3ВЮ╝ВЌгьќЅ', '#В░ев░ЋВЌгьќЅ', '#вџюв▓ЁВЮ┤ВЌгьќЅ', '#вДъьїћьЎўВўЂьЋ┤Вџћ', '#в▓ёВіцВЌгьќЅ', '#Вѓ░ВЋЁВЌгьќЅ', '#ВбІВЋёВџћв░ўВѓгвїЊ', '#ВўцВДђВ║аьЋЉ', '#вХђВѓ░ВЌгьќЅВХћВ▓ю', '#Ж░ђВЮёВЌгьќЅ', '#вІ╣ВЮ╝', '#ВдљЖ▒░Вџ┤ВЌгьќЅ', '#вДъьїћьЋ┤ВЌг', '#ВЮ╝ВЃЂВєїьєх', '#вїЊЖИђ.Вєїьєх', '#ВЮ╝ВЃЂЖИ░вАЮ']"
..ьўёВъг ВЮИВіцьЃђЖ│ёВаЋ ВЃЂьЃювЦ╝ вХёВёЮьЋю Ж▓░Ж│╝ВЎђ Ж┤ђвдгьЋўвіћ в░Ев▓ЋВЮё вг┤вБївАю ВЋївацвЊювдйвІѕвІц..В╣┤ьєАВ▒ёвёљ(http://pf.kakao.com/_etnxjxb/chat)ВЌљ ВЋёВЮ┤вћћвЦ╝ вѓеЖ▓евєЊВю╝вЕ┤ вг┤вБївАю Ж▓░Ж│╝вЦ╝ ВўгвацвЊювдйвІѕвІц....#ВѕювАђВЌгьќЅ #ВаюВБ╝вЈёЖ┤ђЖ┤Љ#ВєїьєхВєїьєх #ВХўВ▓юЖ░ђв│╝вДїьЋюЖ││#1в░Ћ2ВЮ╝ВЌгьќЅ #вЈёв│┤ВЌгьќЅ#ВЌгьќЅВѓг #вДъьїћьЎўВўЂьЋ┤Вџћ#ьЃюВЋѕВЌгьќЅ #Вѕ▓ЖИИ#ВъљвЈЎВ░еВЌгьќЅ #В║аьЋЉВЌгьќЅ#ВаюВБ╝ВЌгьќЅВХћВ▓ю #ьў╝ВЌг#вІ╣ВЮ╝ #ВдљЖ▒░Вџ┤ВЌгьќЅ#вДъьїћВёаьїћ #вДъьїћвїЊ#ВєїьЎЋьќЅ #вДъьїћВіцьЃђЖиИвъе,2021-08-13,116,,"['#ВѕювАђВЌгьќЅ', '#ВаюВБ╝вЈёЖ┤ђЖ┤Љ', '#ВєїьєхВєїьєх', '#ВХўВ▓юЖ░ђв│╝вДїьЋюЖ││', '#1в░Ћ2ВЮ╝ВЌгьќЅ', '#вЈёв│┤ВЌгьќЅ', '#ВЌгьќЅВѓг', '#вДъьїћьЎўВўЂьЋ┤Вџћ', '#ьЃюВЋѕВЌгьќЅ', '#Вѕ▓ЖИИ', '#ВъљвЈЎВ░еВЌгьќЅ', '#В║аьЋЉВЌгьќЅ', '#ВаюВБ╝ВЌгьќЅВХћВ▓ю', '#ьў╝ВЌг', '#вІ╣ВЮ╝', '#ВдљЖ▒░Вџ┤ВЌгьќЅ', '#вДъьїћВёаьїћ', '#вДъьїћвїЊ', '#ВєїьЎЋьќЅ', '#вДъьїћВіцьЃђЖиИвъе']"
вЂЮВЌєВЮ┤ вг┤ьЋюьЋюЖ│хЖ░ёВЌљ ьј╝В│љВДђвіћ в░ўвћДвХѕЖ░ЎВЮђ ВА░вфЁвЊцВЮ┤ Въѕвіћ в│ИьЃюв░Ћвг╝Ж┤ђ ВЋѕвЈёьЃђвІцВўцВЮў Ж▒┤ВХЋ ВаёьєхЖ│хВўѕВЎђ ьўёвїђв»ИВѕаВЮў ВА░ьЎћЖ░ђ ВъЁВЮ┤ вќАьЋўЖ│а в▓їВќ┤ВДёвІц ВЮ┤вЪ░ ВъЉьњѕвЊцвЈё в│╝Ж▒░вдгВЮ┤ВДђвДїЖ▒┤ВХЋвг╝вАювЈё ВюавфЁьЋўвІѕ ьЋюв▓ѕВ»ц ВъЉьњѕВаёВІюьџївіћ Ж╝Г Ж░ђв│┤віћЖ▓Ѓ ВХћВ▓ю ВёюЖиђьЈгВІю ВЋѕвЇЋвЕ┤ Вѓ░вАЮвѓевАю 762в▓ѕЖИИ 69ВЌ░ВцЉвг┤ью┤ Вџ┤ВўЂ p.sв░ћвАю Жи╝В▓ў в░ЕВБ╝ЖхљьџїЖ░ђ ВъѕВќ┤Вџћ,2021-08-13,129,Bonte museum,[]
#вІгв╣ЏВбІВЮђв░ц#ВаюВБ╝вІгв╣ЏВбІВЮђв░цВаюВБ╝ьўЉВъгьїїВіцьЃђВаюВБ╝ьўЉВъгьЮЉвЈ╝ВДђВџћвдгВаюВБ╝ вІгв╣ЏВбІВЮђв░ц­ЪїЎВаюВБ╝ вІгв╣ЏВбІВЮђв░цРўЋCoffee&Dessert­ЪДЂRestaurant­ЪЇй­ЪЈЮВаюВБ╝ьі╣в│ёВъљВ╣ўвЈё ВаюВБ╝ВІю ьЋювд╝ВЮЇ ьЋювд╝вАю 424-1 2ВИх­ЪЋџAM 11:00 ~ AM 00:00#ВаюВБ╝вДЏВДЉ #ВаюВБ╝ьїїВіцьЃђвДЏВДЉ #ВаюВБ╝ьўЉВъгвДЏВДЉ #ВаюВБ╝ьЋювд╝вДЏВДЉ #ьўЉВъгьЋ┤ВѕўВџЋВъЦвДЏВДЉ #ВаюВБ╝ьўЉВъгьЈгЖхгвДЏВДЉ #ВаюВБ╝ьўёВДђВЮИвДЏВДЉ #ВаюВБ╝ьўЉВъгЖ░ђв│╝вДїьЋюЖ││ #ВаюВБ╝вЈёьїїВіцьЃђ #ВаюВБ╝вЈёЖ░ѕвДїьЋюЖ││ #ВаюВБ╝вЈёЖ┤ђЖ┤Љ #ВаюВБ╝8ВЏћЖ░ђв│╝вДїьЋюЖ││ #ВаюВБ╝ьЋФьћїваѕВЮ┤Віц,2021-08-13,748,,"['#вІгв╣ЏВбІВЮђв░ц', '#ВаюВБ╝вІгв╣ЏВбІВЮђв░цВаюВБ╝ьўЉВъгьїїВіцьЃђВаюВБ╝ьўЉВъгьЮЉвЈ╝ВДђВџћвдгВаюВБ╝', '#ВаюВБ╝вДЏВДЉ', '#ВаюВБ╝ьїїВіцьЃђвДЏВДЉ', '#ВаюВБ╝ьўЉВъгвДЏВДЉ', '#ВаюВБ╝ьЋювд╝вДЏВДЉ', '#ьўЉВъгьЋ┤ВѕўВџЋВъЦвДЏВДЉ', '#ВаюВБ╝ьўЉВъгьЈгЖхгвДЏВДЉ', '#ВаюВБ╝ьўёВДђВЮИвДЏВДЉ', '#ВаюВБ╝ьўЉВъгЖ░ђв│╝вДїьЋюЖ││', '#ВаюВБ╝вЈёьїїВіцьЃђ', '#ВаюВБ╝вЈёЖ░ѕвДїьЋюЖ││', '#ВаюВБ╝вЈёЖ┤ђЖ┤Љ', '#ВаюВБ╝8ВЏћЖ░ђв│╝вДїьЋюЖ││', '#ВаюВБ╝ьЋФьћїваѕВЮ┤Віц']"
"ВаюВБ╝вЈёВЮў вѓаВћевіћРўћв│ђьЎћвг┤ВїЇРўћ ьЋа вЋїЖ░ђ вДјВЋёВџћ~!ВађьЮг [ЖиИвїђ,вѓўВЮў в«цВдѕ] ВЌљ ВўцВЁћВёю ВаёВІюЖ┤ђвъї ьЏёвфЁьЎћВџ░Вѓ░ВЮё Ж░ёВДЂьЋ┤ в│┤ВёИВџћ­Ъќц",2021-08-13,57,ЖиИвїђвѓўВЮўв«цВдѕ,[]
...вІцвдгЖ░ђ ВЋёвІЎвІѕвІц ьїћВъЁвІѕвІц~ВўцвіўВЌљВЋ╝ ВйћвАювѓў 2В░е Ж╣їВДђ Вўѕв░ЕВаЉВбЁВЮё вДъВ│цвёцЖи╝вЇ░ ВЋёвг┤вЪ░ вХђВъЉВџЕВЮ┤ ВЌєвІцвІе. в░░Ж░ђ Ж│аьћёвІцвіћЖ▒░ ВЮ┤Ж▓ї вХђВъЉВџЕВЮИЖ░ђ сЁІсЁІв░░Ж│аьћївЋљ Ж│аЖИ░~.ВЌгЖИ░вЈё ВаюВБ╝вІц.#ВаюВБ╝вЈёВѓгВДёВ░ЇЖИ░ВбІВЮђЖ││ #ВаюВБ╝вЈёьњЇЖ▓й #ВаюВБ╝вЈёВЌгьќЅ #ВаюВБ╝вЈёВ╣┤ьјў #ВаюВБ╝вЈёВѕЎВєї #ВаюВБ╝вЈёвДЏВДЉ #ВаюВБ╝вЈёВѓгВДё #ВаюВБ╝вЈёвфевЇИ #ВаюВБ╝вЈёВіцвЃЁ #ВаюВБ╝вЈёВѓ░В▒Ё #ВаюВБ╝вЈёЖ┤ђЖ┤Љ #ВаюВБ╝вЈёьЋФьћї #ВаюВБ╝вЈёВЏевћЕ #ВаюВБ╝вЈёЖ░ђв│╝вДїьЋюЖ││ #ВаюВБ╝вЈёвЈёв»╝вДЏВДЉ #ьЋювЮ╝Вѓ░ #ВаюВБ╝вЈёВЏевћЕВіцвЃЁ #ВаюВБ╝вЈёВѓгВДёвфЁВєї #ВаюВБ╝вЈё #jeju #ВЮ╝ВХю #ВЮ╝вф░ #ВаюВБ╝вЈёВЌгьќЅВйћВіц #ВаюВБ╝вЈёВѕеВЮђвДЏВДЉ #ВюаВ▒ёЖйЃ #ВѕўЖхГ #Вѓ░В▒Ё,2021-08-13,121,,"['#ВаюВБ╝вЈёВѓгВДёВ░ЇЖИ░ВбІВЮђЖ││', '#ВаюВБ╝вЈёьњЇЖ▓й', '#ВаюВБ╝вЈёВЌгьќЅ', '#ВаюВБ╝вЈёВ╣┤ьјў', '#ВаюВБ╝вЈёВѕЎВєї', '#ВаюВБ╝вЈёвДЏВДЉ', '#ВаюВБ╝вЈёВѓгВДё', '#ВаюВБ╝вЈёвфевЇИ', '#ВаюВБ╝вЈёВіцвЃЁ', '#ВаюВБ╝вЈёВѓ░В▒Ё', '#ВаюВБ╝вЈёЖ┤ђЖ┤Љ', '#ВаюВБ╝вЈёьЋФьћї', '#ВаюВБ╝вЈёВЏевћЕ', '#ВаюВБ╝вЈёЖ░ђв│╝вДїьЋюЖ││', '#ВаюВБ╝вЈёвЈёв»╝вДЏВДЉ', '#ьЋювЮ╝Вѓ░', '#ВаюВБ╝вЈёВЏевћЕВіцвЃЁ', '#ВаюВБ╝вЈёВѓгВДёвфЁВєї', '#ВаюВБ╝вЈё', '#jeju', '#ВЮ╝ВХю', '#ВЮ╝вф░', '#ВаюВБ╝вЈёВЌгьќЅВйћВіц', '#ВаюВБ╝вЈёВѕеВЮђвДЏВДЉ', '#ВюаВ▒ёЖйЃ', '#ВѕўЖхГ', '#Вѓ░В▒Ё']"
"ьњЇвъЉвюеЖИ░Ваё ВЃѕв▓йВЮ╝В░Ї ьјђвІцВЮ┤в╣Ў!! ВўцВўѕ!!! ВўцвіўвЈё ВдљЖ▒░Вџ┤ ьЋўвБеВўђвІц~~~ ­ЪїЈВѓгвъїЖ│╝ Вџ░вдгЖ░ђ Вѓгвіћ ВДђЖхгвіћ Ваѕв░ўВЮ┤ВЃЂВЮ┤ вг╝вАю ВЮ┤вБеВќ┤ВаИВъѕВіхвІѕвІц.­ЪїЈ­ЪЎЁ­ЪЈ╗РђЇРЎѓ№ИЈВѓгвъїВЮў вфИВєЇВЮђ ьЃљьЌўьЋаВѕў ВЌєВДђвДї­ЪўЦ­ЪЉїВДђЖхгВЮў вг╝ВєЇВЮђ ВќИВаювЊаВДђ ьЃљьЌўьЋаВѕў ВъѕВіхвІѕвІц­Ъўю­ЪўЃHoliday віћ вІцвЦИВё╝ьё░ВЎђ В░ев│ёьЎћвљю ЖхгВё▒Вю╝вАю вфевЊа ВйћВіцвЦ╝ ВДёьќЅьЋЕвІѕвІц.­ЪўЇВаюВБ╝вЈёВЌљВёю ВЋѕВаёВЮё ВхюВџ░ВёаВю╝вАю ВЃЮЖ░ЂьЋўвіћ вІцВЮ┤в╣ЎВё╝ьё░ВъЁвІѕвІц.­ЪўјВхюЖ│аВЮў Ж░ЋВѓгВДёВю╝вАю вІцВЮ┤в▓ёВЌљЖ▓ї ьјИВЋѕьЋеВЮё ВаюЖ│хьЋЕвІѕвІц.­Ъј▓ВдљЖИИЖ▒░вдг­Ъј▓­ЪњјВ▓┤ьЌўвІцВЮ┤в╣Ў : 59,000ВЏљвХђьё░­ЪЏХ ьјђвІцВЮ┤в╣Ў : 120,000ВЏљвХђьё░­ЪјЊв░░ВџИЖ▒░вдг(­ЪјЊ­ЪџЉ PADI EFR : 150,000ВЏљ ­ЪЈЇ PADI #Scuba Diver(ВхюВєї 1ВЮ╝Ж│╝ВаЋ) : 300,000ВЏљ вХђьё░­ЪћЦ­Ъџ▓ PADI #Openwater Diver (ВхюВєї 2ВЮ╝Ж│╝ВаЋ) : 550,000ВЏљвХђьё░ ­Ъєњ­ЪЏх PADI #Advanced Openwater Diver (ВхюВєї 2ВЮ╝Ж│╝ВаЋ) : 550,000ВЏљвХђьё░ ­ЪњЦ­ЪџЌ PADI Openwater + Advanced (ВхюВєї 3ВЮ╝Ж│╝ВаЋ) : 850,000ВЏљвХђьё░ Рђ╝№ИЈ­ЪЈЦ PADI RESCUE Diver : 500,000ВЏљ­Ъџђ Ж░ЂВбЁ PADI Specialty : ВаёьЎћ вгИВЮў­ЪЈЏв░░ВџИЖ▒░вдг(PROвІеЖ│ё)­ЪЈЏ­ЪџЂPADI DIVEMASTER : 800,000ВЏљРюѕ№ИЈPADI OPENWATER INSTRUCTOR : ВаёьЎћвгИВЮў­ЪјЂ2021вЁё ЖхљВюА вЊ▒вАЮВІю 10вДїВЏљ ВЃЂвІ╣ВЮў Вёавг╝ ВдЮВаЋ­ЪјЂ­ЪЈа :  ВаюВБ╝ьі╣в│ёВъљВ╣ўвЈё ВёюЖиђьЈгВІю В╣аВІГвдгвАю91в▓ѕЖИИ 25­ЪЊъ : 010-2188-1337­ЪЊе : holidaydivingkorea@gmail.com­ЪЊ▒ : Kakao talk : divingkorea  Wechat : divingkorea #ВаюВБ╝вЈёВіцьѓеВіцВ┐ав▓ё #ВаюВБ╝вЈёВ▓┤ьЌўвІцВЮ┤в╣Ў #ВаюВБ╝вЈёВіцВ┐ав▓ёвІцВЮ┤в╣Ў #ВаюВБ╝вЈёВЌгьќЅ #ВаюВБ╝вЈёЖ┤ђЖ┤Љ#ВаюВБ╝вЈёВдљЖИИЖ▒░вдг#ВаюВБ╝вЈёВЮхВіцьіИвд╝#ВаюВБ╝вЈёвІцВЮ┤в╣Ў РђІ#В▓┤ьЌўвІцВЮ┤в╣Ў#ВіцьѓеВіцВ┐ав▓ё#ВіцВ┐ав▓ёвІцВЮ┤в╣Ў#holiday#Тхјтиът▓ЏТйюТ░┤#Тхјтиът▓Џ#ТйюТ░┤#ВўцьћѕВЏїьё░#PADI#scubadiving#scubadiverhttps://smartstore.naver.com/divingkorea",2021-08-13,60,Holiday Diving Korea,"['#Scuba', '#Openwater', '#Advanced', '#ВаюВБ╝вЈёВіцьѓеВіцВ┐ав▓ё', '#ВаюВБ╝вЈёВ▓┤ьЌўвІцВЮ┤в╣Ў', '#ВаюВБ╝вЈёВіцВ┐ав▓ёвІцВЮ┤в╣Ў', '#ВаюВБ╝вЈёВЌгьќЅ', '#ВаюВБ╝вЈёЖ┤ђЖ┤Љ', '#ВаюВБ╝вЈёВдљЖИИЖ▒░вдг', '#ВаюВБ╝вЈёВЮхВіцьіИвд╝', '#ВаюВБ╝вЈёвІцВЮ┤в╣Ў', '#В▓┤ьЌўвІцВЮ┤в╣Ў', '#ВіцьѓеВіцВ┐ав▓ё', '#ВіцВ┐ав▓ёвІцВЮ┤в╣Ў', '#holiday', '#Тхјтиът▓ЏТйюТ░┤', '#Тхјтиът▓Џ', '#ТйюТ░┤', '#ВўцьћѕВЏїьё░', '#PADI', '#scubadiving', '#scubadiverhttps://smartstore.naver.com/divingkorea']"
-вЈЎв░▒ьѓцВ╣ю ВєЇ ВъЉВЮђЖ░љВё▒ ВЋЁВёИВѓгвдгРЎЦ№ИЈвЈЎв░▒ВЃЙРЎЦ№ИЈВЮ┤Ваю ВЋёВ╣еВађвЁЂВю╝вАювіћ ВёаВёаьЋю в░ћвъївЈё вХѕЖ│аЖ░ђВЮёВЮ┤ ВўцЖ│аВъѕвѓўв┤љВџћ­ЪЇѓЖиђЖ▒ИВЮ┤вЈё ВігВіг Ж░ђВЮёвХёВюёЖИ░вАю в░ћЖЙИЖ│аВъѕВќ┤Вџћ!ЖхгЖ▓йВўцВёИВџЕ­ЪЉђ@jeju_dongbaek_kitchen вЈЎв░▒ьѓцВ╣ю ВєЇ ВъЉВЮђЖ░љВё▒ВЋЁВёИВѓгвдгВЃЙРюеВўЂВЌЁВІюЖ░ёВЮђ вЈЎв░▒ьѓцВ╣юЖ│╝ Ж░ЎВЋёВџћ!Open 11:00Close 20:00вфЕВџћВЮ╝ВЮђ ью┤вг┤ВъЁвІѕвІц.вЕћвЅ┤ЖИ░вІцвдгВІювіћ вЈЎВЋѕ ЖхгЖ▓йьЋўЖИ░вЈё ВбІВЋёВџћ­Ъўі--#ВаюВБ╝вЈё #ВаюВБ╝ВёюВфй #ьЋювд╝ #ьўЉВъг #ВЋаВЏћ #ВаюВБ╝Ж░ђв│╝вДїьЋюЖ││ #ВаюВБ╝вЈёЖ┤ђЖ┤Љ#ьўЉВъгьЋ┤ВѕўВџЋВъЦ #ЖИѕвіЦьЋ┤ВѕўВџЋВъЦ #Ж░љВё▒Вєїьњѕ #Ж░љВё▒ #ВЋЁВёИВѓгвдг #вЈЎв░▒ьѓцВ╣ю #ьїїВіцьЃђвДЏВДЉ #ьЋювд╝вДЏВДЉ #ВаюВБ╝вЈёв»╝вДЏВДЉ #ВЮ┤Вќ┤вДЂ #ЖиђЖ▒ИВЮ┤ #в░ўВДђ #ВЏљВёЮв░ўВДђ #ВЏљВёЮЖиђЖ▒ИВЮ┤ #ВІцв▓ёВЋЁВёИВѓгвдг #ВІцв▓ё925 #Ж░љВё▒ВЃЙ #ьћёвъЉВіцВѓ░ #ВЁђвБ░вАюВўцВдѕ#ВЁђвБ░вАюВўцВіц #ВДЉЖ▓їьЋђ #ВіцьЃђВЮ╝вДЂ #ootd,2021-08-13,17,ВаюВБ╝вЈё ьЋювд╝,"['#ВаюВБ╝вЈё', '#ВаюВБ╝ВёюВфй', '#ьЋювд╝', '#ьўЉВъг', '#ВЋаВЏћ', '#ВаюВБ╝Ж░ђв│╝вДїьЋюЖ││', '#ВаюВБ╝вЈёЖ┤ђЖ┤Љ', '#ьўЉВъгьЋ┤ВѕўВџЋВъЦ', '#ЖИѕвіЦьЋ┤ВѕўВџЋВъЦ', '#Ж░љВё▒Вєїьњѕ', '#Ж░љВё▒', '#ВЋЁВёИВѓгвдг', '#вЈЎв░▒ьѓцВ╣ю', '#ьїїВіцьЃђвДЏВДЉ', '#ьЋювд╝вДЏВДЉ', '#ВаюВБ╝вЈёв»╝вДЏВДЉ', '#ВЮ┤Вќ┤вДЂ', '#ЖиђЖ▒ИВЮ┤', '#в░ўВДђ', '#ВЏљВёЮв░ўВДђ', '#ВЏљВёЮЖиђЖ▒ИВЮ┤', '#ВІцв▓ёВЋЁВёИВѓгвдг', '#ВІцв▓ё925', '#Ж░љВё▒ВЃЙ', '#ьћёвъЉВіцВѓ░', '#ВЁђвБ░вАюВўцВдѕ', '#ВЁђвБ░вАюВўцВіц', '#ВДЉЖ▓їьЋђ', '#ВіцьЃђВЮ╝вДЂ', '#ootd']"
ВЌгЖИ░віћ в▓ЋьЎўьЈгЖхг В╣┤ьјў ВЋъВўгваѕЖИИ ВйћВіц­ЪўЌРађВѓ╝Ж░Ђвїђ ВёИВЏївєЊЖ│а ьў╝Въљ Ж▒иЖИ░­ЪЎѓРађ­ЪЊи Вё▒Ж▓йhttps://blog.naver.com/dltjdrud1271/222426344060Рађ,2021-08-13,0,ВёюЖиђьЈг в▓ЋьЎўьЈгЖхг,[]
